problem_id,candidate_algebra_module,model_algebra_module,model_decision,model_confidence,reason_codes,prefilter_flags,statement,solution,human_algebra_module,human_decision,human_reason_codes,reviewer,review_notes
042l,complex_algebra,inequalities,borderline,high,clear_inference_units|case_structure|unresolved_reference,,"Let $n$ be a given integer which is greater than $1$. Find the greatest constant $\lambda(n)$ such that for any non-zero complex $z_1, z_2, \dots, z_n$, we have
$$
\sum_{k=1}^{n} |z_k|^2 \geq \lambda(n) \min_{1 \leq k \leq n} \{|z_{k+1} - z_k|^2\},
$$
where $z_{n+1} = z_1$.","Let $\lambda_0(n) = \begin{cases} \frac{n}{4}, & 2 \mid n, \\ \frac{n}{4 \cos^2 \frac{\pi}{2n}}, & \text{otherwise.} \end{cases}$. We prove $\lambda_0(n)$ is the greatest constant.
If there exists $k$ ($1 \leq k \leq n$) such that $|z_{k+1} - z_k| = 0$, the inequality holds obviously. So without loss of generality, we can assume
$$
\min_{1 \leq k \leq n} \{|z_{k+1} - z_k|^2\} = 1. \qquad \textcircled{1}
$$
Under this condition, it is sufficient to show that the minimum value of $\sum_{k=1}^{n} |z_k|^2$ is $\lambda_0(n)$.
When $n$ is even. Since
$$
\begin{aligned}
\sum_{k=1}^{n} |z_k|^2 &= \frac{1}{2} \sum_{k=1}^{n} (|z_k|^2 + |z_{k+1}|^2) \
&\geq \frac{1}{4} \sum_{k=1}^{n} |z_{k+1} - z_k|^2 \
&\geq \frac{n}{4} \min_{1 \leq k \leq n} \{|z_{k+1} - z_k|^2\} = \frac{n}{4},
\end{aligned}
$$
and equality holds when $(z_1, z_2, \dots, z_n) = (\frac{1}{2}, -\frac{1}{2}, \dots, \frac{1}{2}, -\frac{1}{2})$, thus the minimum value of $\sum_{k=1}^{n} |z_k|^2$ is $\frac{n}{4} = \lambda_0(n)$.
Next consider the condition when $n$ is odd. Let
$$
\theta_k = \arg \frac{z_{k+1}}{z_k} \in [0, 2\pi), \quad k = 1, 2, \dots, n.
$$
For all $k$, $k = 1, 2, \dots, n$. If $\theta_k \leq \frac{\pi}{2}$ or $\theta_k \geq \frac{3\pi}{2}$, then by ①,
$$
|z_k|^2 + |z_{k+1}|^2 = |z_k - z_{k+1}|^2 + 2|z_k||z_{k+1}| \cos \theta_k \geq |z_k - z_{k+1}|^2 \geq 1. \quad ②
$$
If $\theta_k \in (\frac{\pi}{2}, \frac{3\pi}{2})$, then since $\cos \theta_k < 0$ and by ①,
$$
\begin{aligned}
1 &\leq |z_k - z_{k+1}|^2 \\
&= |z_k|^2 + |z_{k+1}|^2 - 2 |z_k||z_{k+1}| \cos \theta_k \\
&\leq (|z_k|^2 + |z_{k+1}|^2)(1 + (-2 \cos \theta_k)) \\
&= (|z_k|^2 + |z_{k+1}|^2) \cdot 2 \sin^2 \frac{\theta_k}{2}.
\end{aligned}
$$
Therefore
$$
|z_k|^2 + |z_{k+1}|^2 \geq \frac{1}{2 \sin^2 \frac{\theta_k}{2}}. \quad ③
$$
(1) If for all $k$ ($1 \leq k \leq n$), $\theta_k \in (\frac{\pi}{2}, \frac{3\pi}{2})$, by ③
$$
\sum_{k=1}^{n} |z_k|^2 = \frac{1}{2} \sum_{k=1}^{n} (|z_k|^2 + |z_{k+1}|^2) \geq \frac{1}{4} \sum_{k=1}^{n} \frac{1}{\sin^2 \frac{\theta_k}{2}}. \quad ④
$$
Since $\prod_{k=1}^{n} \frac{z_{k+1}}{z_k} = \frac{z_{n+1}}{z_1} = 1$, so
$$
\sum_{k=1}^{n} \theta_k = \arg\left(\prod_{k=1}^{n} \frac{z_{k+1}}{z_k}\right) + 2m\pi = 2m\pi, \quad ⑤
$$
where $m$ is a positive integer, and $m < n$. Notice that $n$ is odd, so
$$
0 < \sin \frac{m\pi}{n} \leq \sin \frac{(n-1)\pi}{2n} = \cos \frac{\pi}{2n}. \quad ⑥
$$
Let $f(x) = \frac{1}{\sin^2 x}$, $x \in [\frac{\pi}{4}, \frac{3\pi}{4}]$, it's easy to show that $f(x)$ is a convex function. By ④ and Jensen's inequality, and combining ⑤ and ⑥, we have
$$
\begin{aligned}
\sum_{k=1}^{n} |z_k|^2 &\geq \frac{1}{4} \sum_{k=1}^{n} \frac{1}{\sin^2 \frac{\theta_k}{2}} \\
&\geq \frac{n}{4} \cdot \frac{1}{\sin^2 \left( \frac{1}{n} \sum_{k=1}^{n} \frac{\theta_k}{2} \right)} \\
&= \frac{n}{4} \cdot \frac{1}{\sin^2 \frac{m\pi}{n}} \geq \frac{n}{4} \cdot \frac{1}{\cos^2 \frac{\pi}{2n}} = \lambda_0(n).
\end{aligned}
$$
(2) If there exists $j$ ($1 \leq j \leq n$), such that $\theta_j \notin (\frac{\pi}{2}, \frac{3\pi}{2}]$, let
$$
I = \left\{ j \mid \theta_j \notin \left( \frac{\pi}{2}, \frac{3\pi}{2} \right),\ j = 1, 2, \dots, n \right\}.
$$
By ②, for $j \in I$, we have $|z_j|^2 + |z_{j+1}|^2 \geq 1$; and by ③, for $j \notin I$, we have
$$
|z_j|^2 + |z_{j+1}|^2 \geq \frac{1}{2 \sin^2 \frac{\theta_j}{2}} \geq \frac{1}{2}.
$$
Therefore,
$$
\begin{aligned}
\sum_{k=1}^{n} |z_k|^2 &= \frac{1}{2} \left( \sum_{j \in I} (|z_j|^2 + |z_{j+1}|^2) + \sum_{j \notin I} (|z_j|^2 + |z_{j+1}|^2) \right) \\
&\geq \frac{1}{2} |I| + \frac{1}{4} (n - |I|) = \frac{1}{4} (n + |I|) \geq \frac{n+1}{4}.
\end{aligned}
$$
$\frac{n+1}{4} \geq \frac{n}{4} \cdot \frac{1}{\cos^2 \frac{\pi}{2n}} \Leftrightarrow \cos^2 \frac{\pi}{2n} \geq \frac{n}{n+1}$
$$
\Leftrightarrow \sin^2 \frac{\pi}{2n} = 1 - \cos^2 \frac{\pi}{2n} \leq 1 - \frac{n}{n+1} = \frac{1}{n+1}.
$$
The equality holds when $n = 3$; when $n \geq 5$,
$$
\sin^2 \frac{\pi}{2n} < \left( \frac{\pi}{2n} \right)^2 < \frac{\pi^2}{2n} \cdot \frac{1}{n+1} < \frac{1}{n+1},
$$
so the inequality also holds. So for odd integer $n \geq 3$, $\frac{n+1}{4} \geq \frac{n}{4} \cdot \frac{1}{\cos^2 \frac{\pi}{2n}}$.
On the other hand, when $z_k = \frac{1}{2\cos\frac{\pi}{2n}} \cdot e^{\frac{i(n-1)k\pi}{n}}$, $k = 1, 2, \dots, n$, we have $|z_k - z_{k+1}| = 1$, $k = 1, 2, \dots, n$, and $\sum_{k=1}^n |z_k|^2$ achieves its minimum value $\lambda_0(n)$.
In a word, the greatest $\lambda(n)$ is
$$
\lambda_0(n) = \begin{cases} \frac{n}{4}, & 2 \mid n, \\ \frac{n}{4 \cos^2 \frac{\pi}{2n}}, & \text{otherwise.} \end{cases}
$$",inequalities,borderline,clear_inference_units|case_structure|unresolved_reference,Ruan Haochen (Eddie),confirmed
0kwo,complex_algebra,complex_algebra,suitable,high,complete_proof|traceable_dependencies|case_structure|alternative_paths,,"Suppose $a$, $b$, and $c$ are three complex numbers with product $1$. Assume that none of $a$, $b$, and $c$ are real or have absolute value $1$. Define
$$
p = (a + b + c) + \left( \frac{1}{a} + \frac{1}{b} + \frac{1}{c} \right) \quad \text{and} \quad q = \frac{a}{b} + \frac{b}{c} + \frac{c}{a}.
$$
Given that both $p$ and $q$ are real numbers, find all possible values of the ordered pair $(p, q)$.","Let us denote $a = \frac{y}{x}$, $b = \frac{z}{y}$, $c = \frac{x}{z}$, where $x, y, z$ are nonzero complex numbers. Then
$$
p+3 = 3 + \sum_{\text{cyc}} \left(\frac{x}{y} + \frac{y}{x}\right) = 3 + \frac{x^2(y+z) + y^2(z+x) + z^2(x+y)}{xyz} \\
= \frac{(x+y+z)(xy+yz+zx)}{xyz}.
$$
$$
q-3 = -3 + \sum_{\text{cyc}} \frac{y^2}{zx} = \frac{x^3 + y^3 + z^3 - 3xyz}{xyz} \\
= \frac{(x+y+z)(x^2+y^2+z^2-xy-yz-zx)}{xyz}.
$$
$$
\mathbb{R} \ni 3(p+3) + (q-3) = \frac{(x+y+z)(x^2+y^2+z^2+2(xy+yz+zx))}{xyz} = \frac{(x+y+z)^3}{xyz}.
$$
Scale $x, y, z$ in such a way that $x + y + z$ is nonzero and real; hence so is $xyz$. Thus, as $p + 3 \in \mathbb{R}$, we conclude $xy + yz + zx \in \mathbb{R}$ as well. Hence, $x, y, z$ are the roots of a cubic with real coefficients. Thus,
* either all three of $\{x, y, z\}$ are real (which implies $a, b, c \in \mathbb{R}$),
* or two of $\{x, y, z\}$ are a complex conjugate pair (which implies one of $a, b, c$ has absolute value $1$).
Both of these were forbidden by hypothesis.
Therefore, the only possibility is $x + y + z = 0$, which gives $p = -3$, $q = 3$.
Second solution, found by contestants
The main idea is to make the substitution
$$
x = a + \frac{1}{c}, \quad y = b + \frac{1}{a}, \quad z = c + \frac{1}{b}.
$$
Then we can check that
$$
\begin{aligned}
x+y+z &= p \\
xy+yz+zx &= p+q+3 \\
xyz &= p+2.
\end{aligned}
$$
Therefore $x, y, z$ are the roots of a cubic with real coefficients. As in the previous solution, we note that this cubic must either have all real roots, or a complex conjugate pair of roots. We also have the relation $a(y+1) = ab + a + 1 = x + 1$, and likewise $b(z+1) = y + 1$, $c(x+1) = z + 1$. This means that if any of $x, y, z$ are equal to $-1$, then all are equal to $-1$.
Assume for the sake of contradiction that none are equal to $-1$. In the case where the cubic has three real roots, $a = \frac{x+1}{y+1}$ would be real. On the other hand, if there is a complex conjugate pair (without loss of generality, $x$ and $y$) then $a$ has magnitude $1$. Therefore this cannot occur.
We conclude that $x = y = z = -1$, so $p = -3$ and $q = 3$. The solutions $(a, b, c)$ can then be parameterized as $(a, -1 - \frac{1}{a}, -\frac{1}{1+a})$. To construct a solution, we need to choose a specific value of $a$ such that none of the wrong conditions hold; when $a = 2i$, say, we obtain the solution $(2i, -1 + \frac{i}{2}, \frac{-1+2i}{5})$.
Third solution by Luke Robitaille and Daniel Zhu
The answer is $p = -3$ and $q = 3$. Let's first prove that no other $(p, q)$ work.
Let $e_1 = a + b + c$ and $e_2 = a^{-1} + b^{-1} + c^{-1} = ab + ac + bc$. Also, let $f = e_1 e_2$. Note that $p = e_1 + e_2$.
Our main insight is to consider the quantity $q' = \frac{b}{a} + \frac{c}{b} + \frac{a}{c}$. Note that $f = q + q' + 3$. Also,
$$
\begin{aligned}
qq' &= 3 + \frac{a^2}{bc} + \frac{b^2}{ac} + \frac{c^2}{ab} + \frac{bc}{a^2} + \frac{ac}{b^2} + \frac{ab}{c^2} \\
&= 3 + a^3 + b^3 + c^3 + a^{-3} + b^{-3} + c^{-3} \\
&= 9 + a^3 + b^3 + c^3 - 3abc + a^{-3} + b^{-3} + c^{-3} - 3a^{-1}b^{-1}c^{-1} \\
&= 9 + e_1(e_1^2 - 3e_2) + e_2(e_2^2 - 3e_1) \\
&= 9 + e_1^3 + e_2^3 - 6e_1e_2 \\
&= 9 + p(p^2 - 3f) - 6f \\
&= p^3 - (3p + 6)f + 9.
\end{aligned}
$$
As a result, the quadratic with roots $q$ and $q'$ is $x^2 - (f-3)x + (p^3 - (3p+6)f + 9)$, which implies that
$$
q^2 - qf + 3q + p^3 - (3p+6)f + 9 = 0 \iff (3p+q+6)f = p^3 + q^2 + 3q + 9.
$$
**Claim** — $f$ is not real.
*Proof.* Suppose $f$ is real. Since $(x - e_1)(x - e_2) = x^2 - px + f$, there are two cases:
* $e_1$ and $e_2$ are real. Then, $a, b$, and $c$ are the roots of $x^3 - e_1x^2 + e_2x - 1$, and since every cubic with real coefficients has at least one real root, at least one of $a, b$, and $c$ is real, contradiction.
* $e_1$ and $e_2$ are conjugates. Then, the polynomial $x^3 - \bar{e}_2x^2 + \bar{e}_1x - 1$, which has roots $\bar{a}^{-1}, \bar{b}^{-1}$, and $\bar{c}^{-1}$, is the same as the polynomial with $a, b, c$ as roots. We conclude that the multiset $\{a, b, c\}$ is invariant under inversion about the unit circle, so one of $a, b$, and $c$ must lie on the unit circle. This is yet another contradiction. $\square$
As a result, we know that $3p + q + 6 = p^3 + q^2 + 3q + 9 = 0$. The second miracle is that substituting $q = -3p - 6$ into $q^2 + 3q + p^3 + 9 = 0$, we get
$$
0 = p^3 + 9p^2 + 27p + 27 = (p + 3)^3,
$$
so $p = -3$. Thus $q = 3$.
It remains to construct valid $a, b$, and $c$. To do this, let's pick some $e_1$, let $e_2 = -3 - e_1$, and let $a, b$, and $c$ be the roots of $x^3 - e_1x^2 + e_2x - 1$. It is clear that this guarantees $p = -3$. By our above calculations, $q$ and $q'$ are the roots of the quadratic $x^2 - (f-3)x + (3f-18)$, so one of $q$ and $q'$ must be $3$; by changing the order of $a, b$, and $c$ if needed, we can guarantee this to be $q$. It suffices to show that for some choice of $e_1$, none of $a, b$, or $c$ are real or lie on the unit circle.
To do this, note that we can rewrite $x^3 - e_1x^2 + (-3 - e_1)x - 1 = 0$ as
$$
e_1 = \frac{x^3 - 3x - 1}{x^2 + x},
$$
so all we need is a value of $e_1$ that is not $\frac{x^3-3x-1}{x^2+x}$ for any real $x$ or $x$ on the unit circle. One way to do this is to choose any nonreal $e_1$ with $|e_1| < 1/2$. This clearly rules out any real $x$. Also, if $|x| = 1$, by the triangle inequality $|x^3 - 3x - 1| \ge |3x| - |x^3| - |1| = 1$ and $|x^2 + x| \le 2$, so $\left|\frac{x^3-3x-1}{x^2+x}\right| \ge 1/2$.
Therefore, the only possible values of $(p, q)$ are $(-3, 3)$.",complex_algebra,suitable,complete_proof|traceable_dependencies|case_structure|alternative_paths,Ruan Haochen (Eddie),confirmed
0l51,complex_algebra,polynomials,suitable,high,complete_proof|clear_inference_units|multi_premise_merge|alternative_paths,,"Problem:
Let $a$, $b$, and $c$ be pairwise distinct complex numbers such that
$$a^{2} = b + 6,\quad b^{2} = c + 6,\quad \mathrm{and}\quad c^{2} = a + 6.$$
Compute the two possible values of $a + b + c$.","Solution:
Solution 1: Notice that any of $a$, $b$, or $c$ being $3$ or $-2$ implies $a = b = c$, which is invalid. Thus,
$$(a^{2} - 9)(b^{2} - 9)(c^{2} - 9) = (b - 3)(c - 3)(a - 3)\implies (a + 3)(b + 3)(c + 3) = 1,$$
$$(a^{2} - 4)(b^{2} - 4)(c^{2} - 4) = (b + 2)(c + 2)(a + 2)\implies (a - 2)(b - 2)(c - 2) = 1.$$
Therefore, $2$ and $-3$ are roots of the polynomial $(x - a)(x - b)(x - c) + 1$, and so there exists some $t$ such that
$$(x - t)(x - 2)(x + 3) = (x - a)(x - b)(x - c) + 1.$$
Comparing coefficients gives $a + b + c = t - 1$ and $ab + bc + ca = - (t + 6)$. We can then solve for $t$ by noting $a^{2} + b^{2} + c^{2} = (b + 6) + (c + 6) + (a + 6) = a + b + c + 18$, so
$$ab + bc + ca = \frac{1}{2} ((a + b + c)^{2} - (a^{2} + b^{2} + c^{2})) = \frac{1}{2} ((a + b + c)^{2} - (a + b + c + 18)).$$
Hence,
$$- (t + 6) = \frac{1}{2} ((t - 1)^{2} - (t + 17))\Longrightarrow t^{2} - t - 4 = 0\Longrightarrow t = \frac{1\pm\sqrt{17}}{2}.$$
Therefore $a + b + c = \boxed{\frac{- 1\pm\sqrt{17}}{2}}$ are the two possible values of $a + b + c$.
Solution 2: Let $s = a + b + c$. Subtracting two adjacent equations gives $a^{2} - b^{2} = b - c$, or $(a - b)(a + b) = (b - c)$. Multiplying this and its cyclic variants gives
$$(a + b)(b + c)(c + a) = 1.$$
Now, we recall the identity
$$(a + b + c)^{3} = a^{3} + b^{3} + c^{3} + 3(a + b)(b + c)(c + a)$$
$$\qquad \Rightarrow \qquad s^{3} = a^{3} + b^{3} + c^{3} + 3.$$
To simplify $a^{3} + b^{3} + c^{3}$, we add $a$ times the first equation, $b$ times the second, and $c$ times the third to obtain
$$a^{3} + b^{3} + c^{3} = a(b + 6) + b(c + 6) + c(a + 6)$$
$$\qquad = (ab + bc + ca) + 6s$$
$$\qquad = \frac{1}{2}\Big((a + b + c)^{2} - (a^{2} + b^{2} + c^{2})\Big) + 6s$$
$$\qquad = \frac{1}{2} s^{2} - \frac{1}{2}\Big((b + 6) + (c + 6) + (a + 6)\Big) + 6s$$
$$\qquad = \frac{1}{2} s^{2} + \frac{11}{2} s - 9.$$
Therefore,
$$s^{3} = \frac{1}{2} s^{2} + \frac{11}{2} s - 6 \Rightarrow \left(s - \frac{3}{2}\right)\left(s^{2} + s - 4\right) = 0.$$
At this point, the only reasonable guess is that $s = \frac{3}{2}$ is an extra solution, and the remaining two roots $s = \frac{- 1\pm\sqrt{17}}{2}$ are the possible answers. We now justify this guess. Assume for sake of contradiction that $s = \frac{3}{2}$. Then,
$$a^{2} + b^{2} + c^{2} = (b + 6) + (c + 6) + (a + 6) = \frac{39}{2}$$
$$ab + bc + ca = \frac{1}{2}\left(\frac{9}{4} -\frac{39}{2}\right) = -\frac{69}{8}.$$
Then, observe
$$abc = (a + b + c)(ab + bc + ca) - (a + b)(b + c)(c + a)$$
$$= -\frac{207}{16} -1 = -\frac{223}{16}.$$
On the other hand,
$$(a + 6)(b + 6)(c + 6) = 216 + 36(a + b + c) + 6(ab + bc + ca) + abc$$
$$\qquad = 216 + 36\cdot \frac{3}{2} -6\cdot \frac{69}{8} -\frac{223}{16},$$
which is a rational number of denominator $16$. But $(a + 6)(b + 6)(c + 6) = b^{2}c^{2}a^{2} = \left(-\frac{223}{16}\right)^{2}$ has denominator $16^{2} = 256$, a contradiction. Thus $s = \frac{3}{2}$ is impossible. (It arises from $a = b = c = \frac{1}{2}$ which satisfies $(a + b)(b + c)(c + a) = 1$ but not the given conditions.)
Solution 3: Subtracting any two adjacent equations gives $a^{2} - b^{2} = b - c$, which is equivalent to both $(a - b)(a + b) = (b - c)$ and $(a - b)(a + b + 1) = (a - c)$. Multiplying each of these with its respective cyclic variants and canceling the $(a - b)(b - c)(c - a)$ factor (which is given to be nonzero), we get
$$(a + b)(b + c)(c + a) = 1\quad \mathrm{and}\quad (a + b + 1)(b + c + 1)(c + a + 1) = -1.$$
Expanding the latter equation and using the given equations gives the following result.
$$(a + b)(b + c)(c + a) + (a^{2} + b^{2} + c^{2}) + 3(ab + bc + ca) + 2(a + b + c) + 1 = -1$$
$$1 + (b + 6 + c + 6 + a + 6) + 3(ab + bc + ca) + 2(a + b + c) + 1 = -1$$
$$3(a + b + c) + 3(ab + bc + ca) = -21$$
$$a + b + c + ab + bc + ca = -7.$$
Let $s = a + b + c$. We can then solve for $s$ by considering the following:
$$s^{2} = (a^{2} + b^{2} + c^{2}) + 2(ab + bc + ca)$$
$$\quad = (b + 6 + c + 6 + a + 6) + 2(-7 - a - b - c)$$
$$\quad = -s + 4,$$
so $s = \frac{- 1\pm\sqrt{17}}{2}$.
Solution 4: Let $s = a + b + c$ and consider the polynomial
$$x + (x^{2} - 6) + ((x^{2} - 6)^{2} - 6) - s = x^{4} - 11x^{2} + x + 24 - s.$$
This polynomial has roots $a$, $b$, and $c$. By Vieta's, the sum of all four roots is $0$, so its fourth root must be $-s$. Using Vieta's again, we have $ab + bc + ca - sa - sb - sc = -11$. We can now solve for $s$.
$$ab + bc + ca - (a + b + c)^{2} = -11$$
$$a^{2} + b^{2} + c^{2} + ab + bc + ca = 11$$
$$\frac{1}{2} ((a + b + c)^{2} + (a^{2} + b^{2} + c^{2})) = 11$$
$$(a + b + c)^{2} + (b + 6 + c + 6 + a + 6) = 22$$
$$s^{2} + s - 4 = 0\Longrightarrow s = \frac{-1\pm\sqrt{17}}{2}.$$
Remark. Another way to finish using this approach is to substitute $-s$ directly into $x^{4} - 11x^{2} + x + 24 - s = 0$ to get $(s - 3)(s + 2)(x^{2} + x - 4) = 0$, then discard the solutions $s = 3$ and $s = -2$, which arise from the invalid values $a = b = c = 3$ and $a = b = c = -2$. (In the invalid cases, $s \neq a + b + c$ because $a = b = c$ is only a single root to the polynomial.)",polynomials,suitable,complete_proof|clear_inference_units|multi_premise_merge|alternative_paths,Ruan Haochen (Eddie),confirmed
040g,discrete_algebra,recurrences_sequences,borderline,high,traceable_dependencies|clean_linear_proof|excessive_repetition,,"Let $S_n = 1 + \frac{1}{2} + \cdots + \frac{1}{n}$, where $n$ is a positive integer. Prove that for any real numbers $a, b$ with $0 \le a < b \le 1$, there are infinite many terms in the sequence $\{S_n - [S_n]\}$ that are within $(a, b)$. (Here $[x]$ denotes the largest integer not greater than real number $x$.)","For any $n \in \mathbb{N}^*$, we have
$$
\begin{align*}
S_{2^n} &= 1 + \frac{1}{2} + \frac{1}{3} + \cdots + \frac{1}{2^n} = 1 + \frac{1}{2} + \left( \frac{1}{2^1} + \frac{1}{2^2} \right) + \\
& \quad \left( \frac{1}{2^{n-1}} + \frac{1}{2^n} \right) \\
&> 1 + \frac{1}{2} + \left( \frac{1}{2^2} + \frac{1}{2^2} \right) + \cdots + \left( \frac{1}{2^n} + \cdots + \frac{1}{2^n} \right) \\
&= 1 + \frac{1}{2} + \frac{1}{2} + \cdots + \frac{1}{2} > \frac{1}{2}n.
\end{align*}
$$
Let $N_0 = \lfloor \frac{1}{b-a} \rfloor + 1$, $m = \lfloor S_{N_0} \rfloor + 1$. Then $\frac{1}{b-a} < N_0$, $\frac{1}{N_0} < b-a$, and $S_{N_0} < m \le m+a$.
Let $N_1 = 2^{2(m+1)}$. Then $S_{N_1} = S_{2^{2(m+1)}} > m+1 \ge m+b$.
We claim that there exist $n \in \mathbb{N}^*$ with $N_0 < n < N_1$ such that $m+a < S_n < m+b$ (or, in other words, $S_n - [S_n] \in (a, b)$).
Otherwise, assuming the claim is false, then there must exist $k > N_0$ such that $S_{k-1} \le m+a$ and $S_k \ge m+b$.
Then $S_k - S_{k-1} \ge b-a$. But it contradicts the fact that
$$
S_k - S_{k-1} = \frac{1}{k} < \frac{1}{N_0} < b - a.
$$
Therefore, the claim is true.
Furthermore, assume there are only a finite number of positive integers $n_1, \dots, n_k$ satisfying
$$
S_{n_j} - [S_{n_j}] \in (a, b) \quad (1 \le j \le k).
$$
Define $c = \min_{1 \le j \le k} \{S_{n_j} - [S_{n_j}]\}$. Then there exists no $n \in \mathbb{N}^*$ such that $S_n - [S_n] \in (a, c)$. It contradicts the above claim.
Therefore, there are infinite terms in the sequence $\{S_n - [S_n]\}$ that are within $(a, b)$.
The proof is complete.
For any $n \in \mathbb{N}^*$, we have
$$
\begin{align*}
S_{2^n} &= 1 + \frac{1}{2} + \frac{1}{3} + \dots + \frac{1}{2^n} = 1 + \frac{1}{2} + \left( \frac{1}{2^1} + \frac{1}{2^2} \right) + \\
& \quad \left( \frac{1}{2^{n-1}} + 1 + \dots + \frac{1}{2^n} \right) \\
&> 1 + \frac{1}{2} + \left( \frac{1}{2^2} + \frac{1}{2^2} \right) + \dots + \left( \frac{1}{2^n} + \dots + \frac{1}{2^n} \right) \\
&= 1 + \frac{1}{2} + \frac{1}{2} + \dots + \frac{1}{2} > \frac{1}{2}n.
\end{align*}
$$
Therefore, $S_n$ can be larger than any positive number as long as $n$ becomes sufficiently large.
Let $N_0 = \lfloor \frac{1}{b-a} \rfloor + 1$. Then $\frac{1}{N_0} < b-a$, and when $k > N_0$, we have
$$
S_k - S_{k-1} = \frac{1}{k} < \frac{1}{N_0} < b - a.
$$
So for any positive integer $m > S_{N_0}$, there exists $n > N_0$ such that $S_n - m \in (a, b)$, or, in other words, $m + a < S_n < m + b$. Otherwise, there must be $k > N_0$ such that $S_{k-1} \le m + a$ and $S_k \ge m + b$, i.e., $S_k - S_{k-1} \ge b - a$. But it contradicts the fact that
$$
S_k - S_{k-1} = \frac{1}{k} < \frac{1}{N_0} < b - a.
$$
Now let $m_i = [S_{N_0}] + i$ ($i = 1, 2, 3, \dots$). Then there exists $n_i > N_0$ such that $m_i + a < S_{n_i} < m_i + b$, i.e., $S_{n_i} - [S_{n_i}] \in (a, b)$.
Therefore, there are infinite terms in the sequence $\{S_n - [S_n]\}$ that are within $(a, b)$. $\square$",recurrences_sequences,borderline,traceable_dependencies|clean_linear_proof|excessive_repetition,Ruan Haochen (Eddie),confirmed
04v7,discrete_algebra,discrete_algebra,suitable,high,complete_proof|clear_inference_units|case_structure|alternative_paths,,"Solve the following system of equations in the domain of real numbers
$$2x + \lfloor y \rfloor = 2022,$$
$$3y + \lfloor 2x \rfloor = 2023.$$
(The symbol $\lfloor a \rfloor$ denotes the lower integer part of a real number $a$, i.e. the greatest integer not greater than $a$. E.g. $\lfloor 1.9 \rfloor = 1$ and $\lfloor -1.1 \rfloor = -2$.)","Since $\lfloor y \rfloor$ and $2022$ are integers, the equation $2x + \lfloor y \rfloor = 2022$ implies that $2x$ is also an integer, so $\lfloor 2x \rfloor = 2x$. Thus we can eliminate the unknown $x$ by subtracting the first equation of the system from the second one. We get
$$
3y - \lfloor y \rfloor = 1. \qquad (1)
$$
Thanks to (1), $3y$ is an integer, so it has (according to its remainder after division by three) one of the forms $3k$, $3k + 1$ or $3k + 2$, where $k$ is an integer. From this it follows that either $y = k$, or $y = k + \frac{1}{3}$, or $y = k + \frac{2}{3}$, where $k = \lfloor y \rfloor$. We now discuss these three cases.
* In the case of $y = k$, (1) becomes $3k - k = 1$ with the non-integer solution $k = \frac{1}{2}$.
* In the case of $y = k + \frac{1}{3}$, (1) is the equation $(3k + 1) - k = 1$ with a solution $k = 0$, which corresponds to $y = \frac{1}{3}$. The original system of equations is then apparently fulfilled, precisely when $2x = 2022$, i.e. $x = 1011$.
* In the case of $y = k + \frac{2}{3}$, (1) is the equation $(3k + 2) - k = 1$ with a non-integer solution $k = -\frac{1}{2}$.
**Conclusion.** The only solution of the given system is the pair $(x, y) = (1011, \frac{1}{3})$.
The verbal definition attached to the problem formulation tells us that $\lfloor a \rfloor$ is an integer for which $\lfloor a \rfloor \le a$ and at the same time $\lfloor a \rfloor + 1 > a$. So, estimates $a - 1 < \lfloor a \rfloor \le a$ are valid for every real number $a$. According to them, we get from the first equation of the given system
$$
2022 \le 2x + y < 2023. \qquad (2)
$$
Similarly, from the second equation follows
$$
2023 \le 3y + 2x < 2024. \qquad (3)
$$
We can combine these inequalities in two ways. Combining the second part of (2) with the first part of (3) we obtain $2x + y < 2023 \le 3y + 2x$, whence from the comparison of the outermost expressions follows $y > 0$. If we modify the first part of (2) to $2024 \le 2x + y + 2$, then together with the second part of (3) we obtain $3y + 2x < 2024 \le 2x + y + 2$. This time $y < 1$ follows from the comparison of the outermost expressions.
Together, we got $0 < y < 1$, so $\lfloor y \rfloor = 0$ holds. Thanks to this, the first equation of the original system is reduced to the form $2x = 2022$, which is satisfied only for $x = 1011$. By inserting it into the second equation, we get $3y + 2022 = 2023$ with the only solution $y = \frac{1}{3}$ which indeed satisfies the condition $\lfloor y \rfloor = 0$ used in the first equation. The pair $(x, y) = (1011, \frac{1}{3})$ is therefore the only solution of the given system.",discrete_algebra,suitable,complete_proof|clear_inference_units|case_structure|alternative_paths,Ruan Haochen (Eddie),confirmed
06p9,discrete_algebra,functional_equations,suitable,high,complete_proof|traceable_dependencies|multi_premise_merge|alternative_paths,,"Find all functions $f: \mathbb{R}^{+} \rightarrow \mathbb{R}^{+}$ such that
$$
f(x+f(y))=f(x+y)+f(y)
$$
for all $x, y \in \mathbb{R}^{+}$. (Symbol $\mathbb{R}^{+}$ denotes the set of all positive real numbers.)","First we show that $f(y)>y$ for all $y \in \mathbb{R}^{+}$. Functional equation (1) yields $f(x+f(y))>f(x+y)$ and hence $f(y) \neq y$ immediately. If $f(y)<y$ for some $y$, then setting $x=y-f(y)$ we get
$$
f(y)=f((y-f(y))+f(y))=f((y-f(y))+y)+f(y)>f(y),
$$
contradiction. Therefore $f(y)>y$ for all $y \in \mathbb{R}^{+}$.
For $x \in \mathbb{R}^{+}$ define $g(x)=f(x)-x$; then $f(x)=g(x)+x$ and, as we have seen, $g(x)>0$. Transforming (1) for function $g(x)$ and setting $t=x+y$,
$$
\begin{aligned}
f(t+g(y)) & =f(t)+f(y) \\
g(t+g(y))+t+g(y) & =(g(t)+t)+(g(y)+y)
\end{aligned}
$$
and therefore
$$
\begin{equation*}
g(t+g(y))=g(t)+y \quad \text{ for all } t>y>0 \tag{2}
\end{equation*}
$$
Next we prove that function $g(x)$ is injective. Suppose that $g\left(y_{1}\right)=g\left(y_{2}\right)$ for some numbers $y_{1}, y_{2} \in \mathbb{R}^{+}$. Then by (2),
$$
g(t)+y_{1}=g\left(t+g\left(y_{1}\right)\right)=g\left(t+g\left(y_{2}\right)\right)=g(t)+y_{2}
$$
for all $t>\max \{y_{1}, y_{2}\}$. Hence, $g\left(y_{1}\right)=g\left(y_{2}\right)$ is possible only if $y_{1}=y_{2}$.
Now let $u, v$ be arbitrary positive numbers and $t>u+v$. Applying (2) three times,
$$
g(t+g(u)+g(v))=g(t+g(u))+v=g(t)+u+v=g(t+g(u+v))
$$
By the injective property we conclude that $t+g(u)+g(v)=t+g(u+v)$, hence
$$
\begin{equation*}
g(u)+g(v)=g(u+v) \tag{3}
\end{equation*}
$$
Since function $g(v)$ is positive, equation (3) also shows that $g$ is an increasing function.
Finally we prove that $g(x)=x$. Combining (2) and (3), we obtain
$$
g(t)+y=g(t+g(y))=g(t)+g(g(y))
$$
and hence
$$
g(g(y))=y
$$
Suppose that there exists an $x \in \mathbb{R}^{+}$ such that $g(x) \neq x$. By the monotonicity of $g$, if $x>g(x)$ then $g(x)>g(g(x))=x$. Similarly, if $x<g(x)$ then $g(x)<g(g(x))=x$. Both cases lead to contradiction, so there exists no such $x$.
We have proved that $g(x)=x$ and therefore $f(x)=g(x)+x=2 x$ for all $x \in \mathbb{R}^{+}$. This function indeed satisfies the functional equation (1).
We prove that $f(y)>y$ and introduce function $g(x)=f(x)-x>0$ in the same way as in Solution 1.
For arbitrary $t>y>0$, substitute $x=t-y$ into (1) to obtain
$$
f(t+g(y))=f(t)+f(y)
$$
which, by induction, implies
$$
\begin{equation*}
f(t+n g(y))=f(t)+n f(y) \quad \text{ for all } t>y>0, n \in \mathbb{N} . \tag{4}
\end{equation*}
$$
Take two arbitrary positive reals $y$ and $z$ and a third fixed number $t>\max \{y, z\}$. For each positive integer $k$, let $\ell_{k}=\left\lfloor k \frac{g(y)}{g(z)}\right\rfloor$. Then $t+k g(y)-\ell_{k} g(z) \geq t>z$ and, applying (4) twice,
$$
\begin{aligned}
f\left(t+k g(y)-\ell_{k} g(z)\right)+\ell_{k} f(z) & =f(t+k g(y))=f(t)+k f(y) \\
0 & <\frac{1}{k} f\left(t+k g(y)-\ell_{k} g(z)\right)=\frac{f(t)}{k}+f(y)-\frac{\ell_{k}}{k} f(z)
\end{aligned}
$$
As $k \rightarrow \infty$ we get
$$
0 \leq \lim _{k \rightarrow \infty}\left(\frac{f(t)}{k}+f(y)-\frac{\ell_{k}}{k} f(z)\right)=f(y)-\frac{g(y)}{g(z)} f(z)=f(y)-\frac{f(y)-y}{f(z)-z} f(z)
$$
and therefore
$$
\frac{f(y)}{y} \leq \frac{f(z)}{z}
$$
Exchanging variables $y$ and $z$, we obtain the reverse inequality. Hence, $\frac{f(y)}{y}=\frac{f(z)}{z}$ for arbitrary $y$ and $z$; so function $\frac{f(x)}{x}$ is constant, $f(x)=c x$.
Substituting back into (1), we find that $f(x)=c x$ is a solution if and only if $c=2$. So the only solution for the problem is $f(x)=2 x$.",functional_equations,suitable,complete_proof|traceable_dependencies|multi_premise_merge|alternative_paths,Ruan Haochen (Eddie),confirmed
046j,functional_equations,functional_equations,suitable,medium,complete_proof|clear_inference_units|case_structure|multi_premise_merge,,"Find all functions $f : \mathbb{Z} \to \mathbb{Z}$ that satisfy the following equation for any integers $a, b, c$:
$$
2f(a^2 + b^2 + c^2) - 2f(ab + bc + ca) = (f(a - b))^2 + (f(b - c))^2 + (f(c - a))^2.
$$","Taking $a = b = c = 0$, we have $3(f(0))^2 = 0$, which implies $f(0) = 0$.
Taking $a = 1, b = 0, c = 0$, we have $2f(1) = (f(1))^2 + (f(-1))^2$. Thus, $(f(1) - 1)^2 + (f(-1))^2 = 1$. This means either $f(1) = 1$ and $f(-1) = \pm 1$, or $f(-1) = 0$ and $f(1) = 0$ or $2$.
Taking $a = 1, b = 1, c = 0$, we have $2f(2) - 2f(1) = (f(1))^2 + (f(-1))^2 = 2f(1)$.
Hence, $f(2) = 2f(1)$.
Taking $a = 1, b = 0, c = -1$, we have $2f(2) - 2f(-1) = (f(2))^2 + 2(f(-1))^2$. Thus, $(f(2) - 1)^2 + 2(f(-1) + \frac{1}{2})^2 = 1.5$. This implies $f(2) = 0$ or $2$, and $f(-1) = 0$ or $-1$.
Combining the above, we conclude that either $f(1) = 1$ and $f(-1) = -1$, or $f(1) = 0$ and $f(-1) = 0$.
Let $g(k) = f(k)^2 - f(-k)^2$. We have $g(-k) = -g(k)$ and $g(0) = g(1) = 0$.
When we replace $(a, b, c)$ with $(b, c, a)$ in the original equation, the left side remains the same, and the change in the right side is exactly $g(a-b) + g(b-c) + g(c-a) = 0$. Taking $(a, b, c) = (k, 1, 0)$, we have $g(k-1)+g(1)+g(-k) = 0$, which implies $g(k) = g(k-1)+g(1)$. Therefore, we have $g(k) = 0$ for all $k \in \mathbb{Z}$, which means $f(-k) = \pm f(k)$ for all $k \in \mathbb{Z}$.
Taking $(a, b, c) = (k, -1, 0)$ and $(a, b, c) = (k, 1, 0)$ in the original equation and comparing the two resulting equations, we have
$$
(6) \qquad 2(f(k) - f(-k)) = (f(k+1))^2 - (f(k-1))^2
$$
Consider the first case where $f(1) = f(-1) = 0$. We will prove by mathematical induction that $f(k) = f(-k) = 0$ for all non-negative integers $k$. The base cases $k = 0$ and $k = 1$ have been established. Assume that $f(\pm k) = 0$ and $f(\pm(k-1)) = 0$ hold. From equation (6), we obtain $(f(k+1))^2 = 0$, which implies $f(k+1) = 0$ and $f(-k-1) = \pm f(k+1) = 0$. Thus, the induction hypothesis holds.
Therefore, in the first case, we have $f(m) = 0$ for all $m \in \mathbb{Z}$.
Now, consider the second case where $f(1) = 1$ and $f(-1) = -1$. We have $f(2) = 2f(1) = 2$.
By substituting $(a, b, c) = (k, 1, -1)$ and $(a, b, c) = (k, 1, 1)$ into the original equation and comparing the resulting equations, we obtain
$$
2f(2k + 1) - 2f(-1) = (f(-1 - k))^2 - (f(1 - k))^2 + (f(2))^2.
$$
$$
(7) \qquad f(2k + 1) = \frac{1}{2}(f(k + 1))^2 - \frac{1}{2}(f(k - 1))^2 + 1
$$
By substituting $(a, b, c) = (k, 2, 0)$ and $(a, b, c) = (k, -2, 0)$ into the original equation and comparing the resulting equations, we have
$$
(8) \qquad 2f(2k) - 2f(-2k) = (f(k + 2))^2 - (f(k - 2))^2
$$
By substituting $k = 1$ into equation (7), we have $f(3) = 3$.
By substituting $k = 2$ into equation (8), we obtain $(f(4))^2 = 2(f(4) - f(-4))$. If $f(4) = 0$, then substituting $k = 3$ into equation (6) yields $f(3) - f(-3) = -2$, which implies $f(-3) = 5 \neq \pm f(3)$, leading to a contradiction. Therefore, $f(4) \neq 0$. Since $f(-4) = \pm f(4)$, specifically $f(-4) = -f(4)$, we have $(f(4))^2 = 4f(4)$, which implies $f(4) = 4$.
---
We will now prove by mathematical induction that $f(m) = m$ for all non-negative integers $m$. The base cases $m = 0, 1, 2, 3, 4$ have been established. Assume that $f(k) = k$ holds for $k = 0, 1, 2, \dots, m-1$.
For $m = 2k + 1 \ge 5$, using equation (7), we obtain $f(2k + 1) = \frac{1}{2}((f(k+1))^2 - (f(k-1))^2) + 1 = 2k + 1$.
For $m = 2k \ge 6$, utilizing equation (8), we have $f(2k) - f(-2k) = \frac{1}{2}((f(k+2))^2 - (f(k-2))^2) = 4k$. Furthermore, $f(-2k) = \pm f(2k)$, which implies $2f(2k) = 4k$ and $f(2k) = 2k$.
Hence, we conclude that $f(m) = m$ for $m \in \mathbb{Z}_+$. For positive integers $m$, substituting $k = m$ into equation (6) gives us
$$
2(f(m) - f(-m)) = (f(m + 1))^2 - (f(m - 1))^2 = 4m, \Rightarrow f(-m) = -m.
$$
Therefore, in the second case, we have $f(m) = m$ for all $m \in \mathbb{Z}$.
Upon verification, we find that both solutions, $f(m) = 0$ and $f(m) = m$, satisfy the given conditions. $\square$",functional_equations,suitable,complete_proof|clear_inference_units|case_structure|multi_premise_merge,Ruan Haochen (Eddie),confirmed
05xg,functional_equations,functional_equations,borderline,medium,clear_inference_units|traceable_dependencies|case_structure|opaque_large_jump,,"Problem:
Déterminer toutes les fonctions $f$ injective de $\mathbb{N}$ dans $\mathbb{N}$ telles que tout polynôme $\sum_{i=0}^{n} a_{i} x^{i}$ a une racine réelle si et seulement si le polynôme $\sum_{i=0}^{n} a_{i} x^{f(i)}$ a une racine réelle.","Solution:
Il s'avère que la condition d'injectivité était inutile : nous allons prouver le résultat sans l'injectivité de $f$. Notons que le polynôme $1$ n'a pas de racine réelle, la condition de l'énoncé nous apprend que $X^{f(0)}$ n'en a pas non plus : la seule possibilité pour $f(0)$ est donc $f(0)=0$. De même, $f(n) \neq 0$ si $n \neq 0$ car $X^{n}$ a une racine réelle, et $1$ n'en a pas.
Montrons que $f(n)$ a la même parité que $n$ pour tout entier $n$. Notons que si $n$ est pair, $X^{n}+1$ n'a pas de racine réelle donc $X^{f(n)}+1$ non plus. Ceci implique que $f(n)$ est pair (sinon $-1$ serait une racine réelle). De même si $n$ est impair, $f(n)$ est impair. Posons $\alpha=f(1)$, $\alpha$ est donc impair.
Soit $t$ un réel. Pour la suite, nous aurons besoin de comprendre, pour tout $b$ réel vérifiant $b>1$, si l'équation $x^{b}-x=t$ sur $\mathbb{R}^{+}$. Pour tout $t>0$, on pose $f_{b}: \mathbb{R}^{+} \rightarrow \mathbb{R}$ qui à $x$ associe $x^{b}-x$.
**Lemme 2.** L'équation $x^{b}-x=t$ a une solution si et seulement si $t \geqslant f_{b}\left(x_{b}\right)$ où $x_{b}=\left(\frac{1}{b}\right)^{\frac{1}{b-1}}$.
Démonstration. La fonction $f_{b}$ est continue et dérivable sur $\mathbb{R}^{+}$. La dérivée de $f_{b}$ est $b x^{b-1}-1$, qui est négative jusqu'en $x_{b}$ puis positive. Ainsi $f$ décroît puis croît. Comme $f$ a pour limite $+\infty$ en $+\infty$, les valeurs prises par $f$ sur $\mathbb{R}^{+}$ sont exactement $[f(x_{b}),+\infty[$ par continuité, ce qui donne le résultat voulu.
On aura aussi besoin du lemme suivant :
**Lemme 3.** Soit $b>a$ deux entiers strictement positifs, avec $b$ pair. Si l'équation $x^{b}-x^{a}=t$ a une solution, alors cette équation a une solution positive.
Démonstration. Soit $x$ une solution de l'équation. Comme $b$ est pair, $|x|^{b}-|x|^{a} \leqslant x^{b}-x^{a}=t$. Or l'application qui à $y$ associe $y^{b}-y^{a}$ est continue, et tend vers $+\infty$ en $+\infty$, donc l'équation $y^{b}-y^{a}=t$ a une solution dans $[|x|,+\infty[$, donc une solution positive.
Maintenant appliquons l'hypothèse de l'énoncé au polynôme $X^{2 n}-X-t$. Celui-ci a une racine réelle si et seulement si $t \geqslant f_{2 n}(x_{2 n})$. En particulier, le polynôme $X^{f(2 n)}-X^{\alpha}-t$ a une racine réelle si et seulement si $t \geqslant f_{2 n}(x_{2 n})$.
- Si $f(2 n)<\alpha$, alors la fonction qui à $x$ associe $x^{f(2 n)}-x^{\alpha}$ tend vers $-\infty$ et $+\infty$, et $+\infty$ en $-\infty$ car $\alpha$ est impair. Ainsi par continuité, l'équation $x^{f(2 n)}-x^{\alpha}=t$ a toujours une solution donc $X^{f(2 n)}-X^{\alpha}-t$ a toujours une racine ce qui est absurde.
- Si $f(2 n)=\alpha$, alors le polynôme n'a une racine que pour $t=0$ ce qui est absurde.
Ainsi $f(2 n)>\alpha$. En particulier, par le lemme précédent le polynôme $X^{f(2 n)}-X^{\alpha}-t$ a une racine réelle si et seulement s'il a une racine réelle positive, c'est-à-dire si et seulement si l'équation $x^{f(2 n)}-x^{\alpha}=t$ a une solution positive. Comme $x \mapsto x^{\alpha}$ est bijectif de $\mathbb{R}^{+}$ dans $\mathbb{R}^{+}$, le polynôme $X^{f(2 n)}-X^{\alpha}-t$ a une racine réelle si et seulement si l'équation $x^{f(2 n)/\alpha}-x=t$ a une racine positive, donc si et seulement si $t \geqslant f_{f(2 n)/\alpha}(x_{f(2 n)/\alpha})$. Posons $u=f(2 n)/\alpha>1$, on a donc $f_{u}(x_{u})=f_{2 n}(x_{2 n})$.
- Si $2 n>u$, comme $x_{u}<1$, $f_{u}(x_{u})>f_{2 n}(x_{u}) \geqslant f_{2 n}(x_{2 n})=f_{u}(x_{u})$ (via les variations de $f_{2 n}$) ce qui est absurde.
- Si $2 n<u$, comme $x_{2 n}<1$, $f_{2 n}(x_{2 n})>f_{u}(x_{2 n}) \geqslant f_{u}(x_{u})=f_{2 n}(x_{2 n})$ (via les variations de $f_{u}$) ce qui est absurde.
Ainsi $u=2 n$, donc $f(2 n)=2 n \alpha$.
Il reste alors à montrer que si $n$ est impair, $f(n)=\alpha n$. Pour cela on fait de même que dans l'argument précédent : on regarde le polynôme $X^{2 n}-X^{n}-t$, on montre qu'il a une racine réelle si et seulement si $t \geqslant f_{2 n / n}(x_{2 n / n})=f_{2}(x_{2})$. Ensuite on obtient que $X^{f(2 n)}-X^{f(n)}-t$ a une racine si et seulement si $t \geqslant f_{2}(x_{2})$. Comme $f(n)$ est impair, et $f(2 n)$ pair, on en déduit que $f(2 n)>f(n)$, puis que $f_{2}(x_{2})=f_{f(2 n)/f(n)}(x_{f(2 n)/f(n)})$. De même on prouve que $f(2 n)/f(n)=2$, donc $f(2 n)=2 f(n)$. Or $f(2 n)=2 n \alpha$, donc $f(n)=n \alpha$.
Ainsi si $f$ est solution, $f$ est de la forme $f: n \mapsto a n$ pour un certain $a$ impair.
Réciproquement, s'il existe $a$ impair tel que $f(n)=a n$ pour tout entier positif $n$, alors si le polynôme $\sum_{k=0}^{n} a_{k} X^{k}$ a une racine réelle $x_{0}$, le polynôme $\sum_{k=0}^{n} a_{k} X^{f(k)}=\sum_{k=0}^{n} a_{k} X^{a k}$ a pour racine $x_{0}^{1/a}$. Réciproquement si $\sum_{k=0}^{n} a_{k} X^{a k}$ a une racine réelle $y_{0}$, $y_{0}^{a}$ est racine de $\sum_{k=0}^{n} a_{k} X^{k}$. Ainsi $f$ vérifie bien l'énoncé.
Les fonctions vérifiant l'énoncé sont les fonctions telles qu'il existe $a$ impair tel que $f(n)=a n$ pour tout entier positif $n$.",functional_equations,borderline,clear_inference_units|traceable_dependencies|case_structure|opaque_large_jump,Ruan Haochen (Eddie),confirmed
07e6,functional_equations,polynomials,borderline,high,case_structure|multi_premise_merge|opaque_large_jump,,"Find all polynomials $P(x, y)$ with real coefficients such that
$$
P(x, 2yz) + P(y, 2xz) + P(z, 2xy) = P(x + y + z, xy + xz + yz).
$$","Every polynomial in the form of $P(x, y) = Ax^2 + 2Ay + Bx$ for some $A, B \in \mathbb{R}$.
Let $Q(a, b) = P(a, b^2)$ and define $Q_i(x, y)$ to be the homogeneous polynomial which consists of $i$-th degree coefficients of $Q(x, y)$. It is directly implied that
$$
Q_i(a, \sqrt{2bc}) + Q_i(b, \sqrt{2ac}) + Q_i(c, \sqrt{2ab}) = Q_i(a + b + c, \sqrt{ab + bc + ac})
$$
---
Let $A_i(a, b, c)$ denote the above equality. Plugging $c = 0$ in this equality results in
$$
Q_i(a, 0) + Q_i(b, 0) + Q_i(0, \sqrt{2ab}) = Q_i(a + b, \sqrt{ab}).
$$
Define $x = a + b, y = \sqrt{ab}$. First of all, mind that
$$
Q_i(a, 0) = a^i Q_i(1, 0)
$$
and
$$
Q_i(0, a) = a^i Q_i(0, 1).
$$
Secondly, the above equality concludes that
$$
Q_i(x, y) = (\sqrt{2y^2})^n Q_i(0, 1) + \left[ \left( \frac{x - \sqrt{x^2 - 4y^2}}{2} \right)^i + \left( \frac{x + \sqrt{x^2 - 4y^2}}{2} \right)^i \right] Q_i(1, 0)
$$
Next, we state that if $i \ge 3$, $Q_i = 0$. This means $P(x, y^2)$ is of degree at most 2 which then will result in $P(x, y) = Ax^2 + Bx + Cy + D$ and one can simply see that $D = 0, C = 2A$ and every polynomial of form
$$
P(x, y) = Ax^2 + Bx + 2Ay
$$
satisfies the problem.
For the sake of contradiction, assume that $i \ge 3$. Note that $P(x, y^2) = Q(x, y)$, therefore every coefficient of $Q(x, y)$, and by extension, $Q_i(x, y)$, has $y$ to an even power.
$$
Q_i(x, y) = x^i m_0 + x^{n-2}y^2 m_2 + m_4 x^{n-4} y^4 + \dots
$$
By plugging this in $A_i(a, b, c)$ and evaluating the coefficient of $a^{n-1}b$, one can see the coefficient on left hand side to be zero, and on the right hand side
$$
\begin{align*}
m_0(x + y + z)^i + m_2(xy + yz + xz)(x + y + z)^{i-2} + \dots \\
implies [x^{i-1}y] = \binom{i}{1}m_0 + \binom{i-2}{0}m_2 = 0 \implies m_2 = -im_0
\end{align*}
$$
Furthermore, by evaluating the coefficient of $x^{i-2}yz$ we get
$$
\begin{align*}
[x^{i-2}yz] &= \binom{i-1}{1}m_0 + \left[1 + \binom{i-2}{1} + \binom{i-2}{1}\right]m_2 + \binom{2}{1}m_4 = 2m_2 \\
implies 2m_4 &= im_0(2i-5) - i \times (i-1)m_0 \implies m_4 = \frac{i(i-4)}{2}m_0
\end{align*}
$$
---
Moreover, let
$$
T(x, y) = \left( \frac{x - \sqrt{x^2 - 4y}}{2} \right)^i + \left( \frac{x + \sqrt{x^2 - 4y}}{2} \right)^i.
$$
Evaluate the coefficient of $x^i, x^{i-4}y^2$ in $T$.
$$
\begin{aligned}
[x^i] &= T(1, 0) = 1, Q_i(x, y) \\
&= 2^{\frac{i}{2}} y^i Q_i(0, 1) + T(x, y^2) Q_i(1, 0) \\
implies m_0 &= Q_i(1, 0)
\end{aligned}
$$
And (Evaluating coefficient in $Q_i$)
$$
\begin{aligned}
[x^{i-2}y^2] &= \frac{1}{2} T_{yy}(1, 0) = \frac{i(i-3)}{2} \\
implies m_4 &= \frac{i(i-3)}{2} Q_i(1, 0) \\
implies a &= Q_i(1, 0) = \frac{2m_4}{i(i-3)} = \frac{i(i-4)a}{i(i-3)}
\end{aligned}
$$
So either $i=3$, $i=4$ or $a=b=c=0$, otherwise we have a contradiction. In case of the latter two,
$$
\begin{aligned}
Q_i(1, 0) &= 0 \\
implies Q_i(x, y) &= 2^{\frac{i}{2}} y^i Q_i(0, 1) + 0 \\
implies Q_i(0, 1) &= 2^{\frac{i}{2}} 1^i Q_i(0, 1) \\
implies Q_i(0, 1)(2^{\frac{i}{2}} - 1) &= 0 \\
implies Q_i(0, 1) &= 0 \quad \implies Q_i(x, y) = 0
\end{aligned}
$$
Therefore, the only remaining case is $i=3$, which is easily disproven. This concludes our proof. $\square$",polynomials,borderline,case_structure|multi_premise_merge|opaque_large_jump,Ruan Haochen (Eddie),confirmed
01tp,inequalities,recurrences_sequences,suitable,high,complete_proof|clear_inference_units|traceable_dependencies|scope_clear|multi_premise_merge|clean_linear_proof,,"Three positive integers are written on a blackboard. Per move one replaces the set of these numbers by the new set in accordance with the following rule: each number of the set is replaced by the quotient of the sum of the squares of two other numbers and this number.
What is the maximum value of the sum of the initial numbers written on the blackboard if after 5 moves the sum of the numbers on the blackboard is equal to 2016?
(V. Karamzin)","Let $a_0, b_0, c_0$ be the initial numbers on the blackboard, and $a_i, b_i, c_i$ be the numbers written on the blackboard after the $i$-th move; let $S(a_0, b_0, c_0)$ and $S(a_i, b_i, c_i)$ be the sums of these numbers, respectively. Then after the $i+1$-th move we obtain the following numbers
$$
a_{i+1} = \frac{b_i^2 + c_i^2}{a_i}, \quad b_{i+1} = \frac{c_i^2 + a_i^2}{b_i}, \quad c_{i+1} = \frac{a_i^2 + b_i^2}{c_i}.
$$
We have the lower estimate for $S(a_{i+1}, b_{i+1}, c_{i+1})$:
$$
\begin{align*}
S(a_{i+1}, b_{i+1}, c_{i+1}) &= \frac{b_i^2 + c_i^2}{a_i} + \frac{c_i^2 + a_i^2}{b_i} + \frac{a_i^2 + b_i^2}{c_i} \ge \frac{2b_i c_i}{a_i} + \frac{2c_i a_i}{b_i} + \frac{2a_i b_i}{c_i} = \\
&= \frac{b_i c_i}{a_i} + \frac{b_i c_i}{a_i} + \frac{c_i a_i}{b_i} + \frac{c_i a_i}{b_i} + \frac{a_i b_i}{c_i} + \frac{a_i b_i}{c_i} = \\
&= \left( \frac{b_i c_i}{a_i} + \frac{a_i b_i}{c_i} \right) + \left( \frac{b_i c_i}{a_i} + \frac{c_i a_i}{b_i} \right) + \left( \frac{a_i b_i}{c_i} + \frac{c_i a_i}{b_i} \right) = \\
&= b_i \left( \frac{c_i}{a_i} + \frac{a_i}{c_i} \right) + c_i \left( \frac{b_i}{a_i} + \frac{a_i}{b_i} \right) + a_i \left( \frac{b_i}{c_i} + \frac{c_i}{b_i} \right) \ge \left[ \frac{\alpha}{\beta} + \frac{\beta}{\alpha} \ge 2 \right] \ge \\
&\ge 2(a_i + b_i + c_i) = 2S(a_i, b_i, c_i).
\end{align*}
$$
Therefore, $S(a_i, b_i, c_i) \le \frac{1}{2} S(a_{i+1}, b_{i+1}, c_{i+1})$ for all $i = 0, 1, 2, 3, 4$. Hence,
$$
\begin{align*}
S(a_0, b_0, c_0) &\le \frac{1}{2} S(a_1, b_1, c_1) \le \frac{1}{2^2} S(a_2, b_2, c_2) \le \dots \le \frac{1}{2^5} S(a_5, b_5, c_5) = \\
&= \frac{2016}{32} = 63.
\end{align*}
$$
Thus, the sum of the initial numbers on the blackboard is less than or equal to 63.
The following example shows that the sum of the initial numbers on the blackboard can be equal to 63. Let $a_0 = b_0 = c_0 = 21$, then
$$
\begin{align*}
(a_0, b_0, c_0) = (21, 21, 21) &\longrightarrow (42, 42, 42) = (2 \cdot 21, 2 \cdot 21, 2 \cdot 21) &\longrightarrow \\
&\longrightarrow (2^2 \cdot 21, 2^2 \cdot 21, 2^2 \cdot 21) &\longrightarrow \dots &\longrightarrow (2^5 \cdot 21, 2^5 \cdot 21, 2^5 \cdot 21) = (a_5, b_5, c_5),
\end{align*}
$$
and the sum
$$
S(a_5, b_5, c_5) = S(2^5 \cdot 21, 2^5 \cdot 21, 2^5 \cdot 21) = 2^5 S(21, 21, 21) = 32 \cdot 63 = 2016.
$$",recurrences_sequences,suitable,complete_proof|clear_inference_units|traceable_dependencies|scope_clear|multi_premise_merge|clean_linear_proof,Ruan Haochen (Eddie),confirmed
04ws,inequalities,inequalities,suitable,high,complete_proof|clear_inference_units|traceable_dependencies|scope_clear|case_structure|multi_premise_merge|alternative_paths,,"The sum of four real numbers is $9$, the sum of their squares is $21$. Prove that these numbers can be signed $a$, $b$, $c$, $d$ so that inequality $ab - cd \geq 2$ holds.","Let the numbers be $p$, $q$, $r$, $s$. Up to a permutation we may assume that $p \geq q \geq r \geq s$. We first consider the case where $p+q \geq 5$. Then
$$
p^2 + q^2 + 2pq \geq 25 = 4 + (p^2 + q^2 + r^2 + s^2) \geq 4 + p^2 + q^2 + 2rs,
$$
which is equivalent to $pq - rs \geq 2$.
Assume now that $p+q<5$; then
$$
4 < r + s \leq p + q < 5. \tag{1}
$$
Observe that
$$
(pq + rs) + (pr + qs) + (ps + qr) = \frac{(p+q+r+s)^2 - (p^2+q^2+r^2+s^2)}{2} = 30.
$$
Moreover,
$$
pq + rs \geq pr + qs \geq ps + qr,
$$
because $(p-s)(q-r) \geq 0$ and $(p-q)(r-s) \geq 0$.
We conclude that $pq + rs \geq 10$. From (1), we get $0 \leq (p+q) - (r+s) < 1$, therefore
$$
(p+q)^2 - 2(p+q)(r+s) + (r+s)^2 < 1.
$$
Adding this to $(p+q)^2 + 2(p+q)(r+s) + (r+s)^2 = 9^2$ gives
$$
(p+q)^2 + (r+s)^2 < 41.
$$
Therefore
$$
41 = 21 + 2 \cdot 10 \leq (p^2 + q^2 + r^2 + s^2) + 2(pq + rs) = (p+q)^2 + (r+s)^2 < 41,
$$
which is a contradiction.
Second solution.
From $a+b+c+d=9$ with ordering $a \ge b \ge c \ge d$ we have
$$
\frac{a+b}{2} = \frac{9}{4} + \varepsilon_1, \quad \frac{c+d}{2} = \frac{9}{4} - \varepsilon_1
$$
for some $\varepsilon_1 \ge 0$. Thus
$$
a = \frac{9}{4} + \varepsilon_1 + \varepsilon_2, \quad b = \frac{9}{4} + \varepsilon_1 - \varepsilon_2, \quad c = \frac{9}{4} - \varepsilon_1 + \varepsilon_3, \quad d = \frac{9}{4} - \varepsilon_1 - \varepsilon_3
$$
for some $\varepsilon_2, \varepsilon_3 \ge 0$. From $b \ge c$ we get
$$
\varepsilon_1 - \varepsilon_2 \geq -\varepsilon_1 + \varepsilon_3 \quad \text{or} \quad \varepsilon_2 + \varepsilon_3 \leq 2\varepsilon_1.
$$
From
$$
21 = (a^2 + b^2) + (c^2 + d^2) = 2 \cdot \left(\frac{9}{4} + \varepsilon_1\right)^2 + 2\varepsilon_2^2 + 2 \cdot \left(\frac{9}{4} - \varepsilon_1\right)^2 + 2\varepsilon_3^2 = \\
= 4 \cdot \left(\frac{9}{4}\right)^2 + 4\varepsilon_1^2 + 2\varepsilon_2^2 + 2\varepsilon_3^2 = 20 + \frac{1}{4} + 2 \cdot (2\varepsilon_1^2 + \varepsilon_2^2 + \varepsilon_3^2)
$$
we conclude that non-negative numbers $\varepsilon_i$ satisfy
$$
2\varepsilon_1^2 + \varepsilon_2^2 + \varepsilon_3^2 = \frac{3}{8}. \tag{2}
$$
Using $\varepsilon_2 + \varepsilon_3 \le 2\varepsilon_1$ and $\varepsilon_2^2 + \varepsilon_3^2 \le (\varepsilon_2 + \varepsilon_3)^2$ from (2) we obtain
$$
\frac{3}{8} \leq 2\varepsilon_1^2 + (\varepsilon_2 + \varepsilon_3)^2 \leq 2\varepsilon_1^2 + 4\varepsilon_1^2 = 6\varepsilon_1^2.
$$
Hence $\varepsilon_1^2 \ge (1/6) \cdot (3/8) = 1/16$ or $\varepsilon_1 \ge 1/4$. For $ab-cd$ we have
$$
ab - cd = \left(\frac{9}{4} + \varepsilon_1\right)^2 - \varepsilon_2^2 - \left(\frac{9}{4} - \varepsilon_1\right)^2 + \varepsilon_3^2 = 9\varepsilon_1 - \varepsilon_2^2 + \varepsilon_3^2.
$$
Substituting for $\varepsilon_2^2$ from (2) we get
$$
ab - cd = 9\varepsilon_1 - \left(\frac{3}{8} - 2\varepsilon_1^2 - \varepsilon_3^2\right) + \varepsilon_3^2 = 9\varepsilon_1 + 2\varepsilon_1^2 - \frac{3}{8} + 2\varepsilon_3^2 \ge 9 \cdot \frac{1}{4} + 2 \cdot \frac{1}{16} - \frac{3}{8} = 2.
$$
This ends the proof.",inequalities,suitable,complete_proof|clear_inference_units|traceable_dependencies|scope_clear|case_structure|multi_premise_merge|alternative_paths,Ruan Haochen (Eddie),confirmed
0fs7,inequalities,inequalities,borderline,high,complete_proof|clear_inference_units|traceable_dependencies|alternative_paths|excessive_repetition,,"Problem:
Beweise für positive reelle Zahlen $x, y, z$ mit $x+y+z=1$ die folgende Ungleichung:
$$
\frac{x^{2}+y^{2}}{z}+\frac{y^{2}+z^{2}}{x}+\frac{z^{2}+x^{2}}{y} \geq 2
$$","Solution:
Es gibt sehr viele Wege, diese Ungleichung zu beweisen. Wir geben 10 verschiedene Lösungen als Auswahl. Wir verwenden folgende Abkürzungen:
HM, GM, AM, QM: harmonisches, geometrisches, arithmetisches, quadratisches Mittel. C.S.: Ungleichung von Cauchy-Schwarz.
Setze
$$
A=\frac{x^{2}+y^{2}}{z}+\frac{y^{2}+z^{2}}{x}+\frac{z^{2}+x^{2}}{y}
$$
Zuerst C.S., dann AM-QM:
$$
\begin{aligned}
A=A \cdot 1 & =\left(\frac{x^{2}+y^{2}}{z}+\frac{y^{2}+z^{2}}{x}+\frac{z^{2}+x^{2}}{y}\right)(x+y+z) \\
& \geq\left(\sqrt{x^{2}+y^{2}}+\sqrt{y^{2}+z^{2}}+\sqrt{z^{2}+x^{2}}\right)^{2} \\
& \geq\left(\sqrt{2} \cdot \frac{x+y}{2}+\sqrt{2} \cdot \frac{y+z}{2}+\sqrt{2} \cdot \frac{z+x}{2}\right)^{2} \\
& =(\sqrt{2} \cdot(x+y+z))^{2}=2
\end{aligned}
$$
Solution:
Es gibt sehr viele Wege, diese Ungleichung zu beweisen. Wir geben 10 verschiedene Lösungen als Auswahl. Wir verwenden folgende Abkürzungen:
HM, GM, AM, QM: harmonisches, geometrisches, arithmetisches, quadratisches Mittel. C.S.: Ungleichung von Cauchy-Schwarz.
Setze
$$
A=\frac{x^{2}+y^{2}}{z}+\frac{y^{2}+z^{2}}{x}+\frac{z^{2}+x^{2}}{y}
$$
$$
\begin{aligned}
A & =\frac{x^{2}}{z}+\frac{y^{2}}{z}+\frac{y^{2}}{x}+\frac{z^{2}}{x}+\frac{z^{2}}{y}+\frac{x^{2}}{y} \\
& =\frac{1}{3}\left(\frac{x^{2}}{y}+\frac{x^{2}}{y}+\frac{y^{2}}{x}\right)+\frac{1}{3}\left(\frac{x^{2}}{z}+\frac{x^{2}}{z}+\frac{z^{2}}{x}\right)+\ldots+\frac{1}{3}\left(\frac{z^{2}}{y}+\frac{z^{2}}{y}+\frac{y^{2}}{z}\right) \\
& \geq x+x+y+y+z+z=2
\end{aligned}
$$
wenn man AM-GM auf jeden Summanden anwendet.
Solution:
Es gibt sehr viele Wege, diese Ungleichung zu beweisen. Wir geben 10 verschiedene Lösungen als Auswahl. Wir verwenden folgende Abkürzungen:
HM, GM, AM, QM: harmonisches, geometrisches, arithmetisches, quadratisches Mittel. C.S.: Ungleichung von Cauchy-Schwarz.
Setze
$$
A=\frac{x^{2}+y^{2}}{z}+\frac{y^{2}+z^{2}}{x}+\frac{z^{2}+x^{2}}{y}
$$
Brute Force
$$
\begin{aligned}
A \geq 2 & \Leftrightarrow \frac{x^{2}+y^{2}}{z}+\frac{y^{2}+z^{2}}{x}+\frac{z^{2}+x^{2}}{y} \geq 2(x+y+z) \\
& \Leftrightarrow x^{3} y+x^{3} z+y^{3} x+y^{3} z+z^{3} x+z^{3} y \geq 2\left(x^{2} y z+y^{2} z x+z^{2} x y\right)
\end{aligned}
$$
Letzteres folgt aus AM-GM, indem man die Ungleichung
$$
\frac{x^{3} y+x^{3} z+y^{3} x+z^{3} x}{4} \geq \sqrt[4]{x^{8} y^{4} z^{4}}=x^{2} y z
$$
sowie die dazu analogen aufsummiert (das ist nichts anderes als Bunching, für all jene, die damit vertraut sind).
Solution:
Es gibt sehr viele Wege, diese Ungleichung zu beweisen. Wir geben 10 verschiedene Lösungen als Auswahl. Wir verwenden folgende Abkürzungen:
HM, GM, AM, QM: harmonisches, geometrisches, arithmetisches, quadratisches Mittel. C.S.: Ungleichung von Cauchy-Schwarz.
Setze
$$
A=\frac{x^{2}+y^{2}}{z}+\frac{y^{2}+z^{2}}{x}+\frac{z^{2}+x^{2}}{y}
$$
AM-QM ergibt
$$
x^{2}+y^{2}=x^{2}+y^{2}+z^{2}-z^{2} \geq 3\left(\frac{x+y+z}{3}\right)^{2}-z^{2}=\frac{1}{3}-z^{2}
$$
Aus dieser und den analogen Ungleichungen folgt
$$
\begin{aligned}
A & \geq \frac{\frac{1}{3}-z^{2}}{z}+\frac{\frac{1}{3}-x^{2}}{x}+\frac{\frac{1}{3}-y^{2}}{y} \\
& =\frac{1}{3}\left(\frac{1}{x}+\frac{1}{y}+\frac{1}{z}\right)-(x+y+z) \\
& \geq \frac{3}{x+y+z}-(x+y+z)=3-1=2
\end{aligned}
$$
wenn man noch AM-HM benützt.
Solution:
Es gibt sehr viele Wege, diese Ungleichung zu beweisen. Wir geben 10 verschiedene Lösungen als Auswahl. Wir verwenden folgende Abkürzungen:
HM, GM, AM, QM: harmonisches, geometrisches, arithmetisches, quadratisches Mittel. C.S.: Ungleichung von Cauchy-Schwarz.
Setze
$$
A=\frac{x^{2}+y^{2}}{z}+\frac{y^{2}+z^{2}}{x}+\frac{z^{2}+x^{2}}{y}
$$
AM-QM ergibt
$$
\frac{x^{2}+y^{2}}{z} \geq \frac{2\left(\frac{x+y}{2}\right)^{2}}{z}=\frac{(x+y)^{2}}{2 z}=\frac{(1-z)^{2}}{2 z}=\frac{1}{2 z}-1+\frac{z}{2}
$$
Aus dieser und den analogen Ungleichungen folgt
$$
\begin{aligned}
A & \geq \frac{1}{2 x}+\frac{1}{2 y}+\frac{1}{2 z}-3+\frac{x+y+z}{2}=\frac{1}{2}\left(\frac{1}{x}+\frac{1}{y}+\frac{1}{z}\right)-\frac{5}{2} \\
& \geq \frac{1}{2} \frac{9}{x+y+z}-\frac{5}{2}=2
\end{aligned}
$$
wenn man noch AM-HM benützt.
Solution:
Es gibt sehr viele Wege, diese Ungleichung zu beweisen. Wir geben 10 verschiedene Lösungen als Auswahl. Wir verwenden folgende Abkürzungen:
HM, GM, AM, QM: harmonisches, geometrisches, arithmetisches, quadratisches Mittel. C.S.: Ungleichung von Cauchy-Schwarz.
Setze
$$
A=\frac{x^{2}+y^{2}}{z}+\frac{y^{2}+z^{2}}{x}+\frac{z^{2}+x^{2}}{y}
$$
Die Folgen $\left(x^{2}+y^{2}, y^{2}+z^{2}, z^{2}+x^{2}\right)$ und $(1 / z, 1 / x, 1 / y)$ sind gleich geordnet, also folgt mit Tschebyschef
$$
\begin{aligned}
A & \geq \frac{1}{3}\left(x^{2}+y^{2}+y^{2}+z^{2}+z^{2}+x^{2}\right)\left(\frac{1}{x}+\frac{1}{y}+\frac{1}{z}\right) \\
& =\frac{2}{3}\left(x^{2}+y^{2}+z^{2}+2\left(x^{2}+y^{2}+z^{2}\right)\right) \cdot \frac{1}{3}\left(\frac{1}{x}+\frac{1}{y}+\frac{1}{z}\right) \\
& \geq \frac{2}{3}\left(x^{2}+y^{2}+z^{2}+2 x y+2 y z+2 z x\right) \frac{3}{x+y+z} \\
& =\frac{2}{3}(x+y+z)^{2} \frac{3}{x+y+z}=2
\end{aligned}
$$
wobei der erste Faktor in der zweiten Zeile mit AM-GM oder dem Hauptsatz oder C.S. (oder Bunching) und der zweite Faktor mit AM-HM abgeschätzt wird.
Solution:
Es gibt sehr viele Wege, diese Ungleichung zu beweisen. Wir geben 10 verschiedene Lösungen als Auswahl. Wir verwenden folgende Abkürzungen:
HM, GM, AM, QM: harmonisches, geometrisches, arithmetisches, quadratisches Mittel. C.S.: Ungleichung von Cauchy-Schwarz.
Setze
$$
A=\frac{x^{2}+y^{2}}{z}+\frac{y^{2}+z^{2}}{x}+\frac{z^{2}+x^{2}}{y}
$$
Die Folgen $\left(x^{2}+y^{2}, y^{2}+z^{2}, z^{2}+x^{2}\right)$ und $(1 / z, 1 / x, 1 / y)$ sind gleich geordnet, also folgt
mit dem Hauptsatz
$$
\begin{aligned}
A & \geq \frac{x^{2}+y^{2}}{x}+\frac{y^{2}+z^{2}}{y}+\frac{z^{2}+x^{2}}{z}=x+y+z+\frac{y^{2}}{x}+\frac{z^{2}}{y}+\frac{x^{2}}{z} \\
& =1+\frac{y^{2}}{x}+\frac{z^{2}}{y}+\frac{x^{2}}{z}
\end{aligned}
$$
sowie analog
$$
\begin{aligned}
A & \geq \frac{x^{2}+y^{2}}{y}+\frac{y^{2}+z^{2}}{z}+\frac{z^{2}+x^{2}}{x}=x+y+z+\frac{x^{2}}{y}+\frac{y^{2}}{z}+\frac{z^{2}}{x} \\
& =1+\frac{x^{2}}{y}+\frac{y^{2}}{z}+\frac{z^{2}}{x}
\end{aligned}
$$
Addieren ergibt $2 A \geq 2+A$, also $A \geq 2$.
Solution:
Es gibt sehr viele Wege, diese Ungleichung zu beweisen. Wir geben 10 verschiedene Lösungen als Auswahl. Wir verwenden folgende Abkürzungen:
HM, GM, AM, QM: harmonisches, geometrisches, arithmetisches, quadratisches Mittel. C.S.: Ungleichung von Cauchy-Schwarz.
Setze
$$
A=\frac{x^{2}+y^{2}}{z}+\frac{y^{2}+z^{2}}{x}+\frac{z^{2}+x^{2}}{y}
$$
Anwenden von AM-GM auf jeden Summanden ergibt
$$
A \geq \frac{2 x y}{z}+\frac{2 y z}{x}+\frac{2 z x}{y}
$$
Die Folgen $(2 x y, 2 y z, 2 z x)$ und $(1 / z, 1 / x, 1 / y)$ sind gleich geordnet, also folgt mit dem Hauptsatz
$$
A \geq \frac{2 x y}{x}+\frac{2 y z}{y}+\frac{2 z x}{z}=2(x+y+z)=2
$$
Solution:
Es gibt sehr viele Wege, diese Ungleichung zu beweisen. Wir geben 10 verschiedene Lösungen als Auswahl. Wir verwenden folgende Abkürzungen:
HM, GM, AM, QM: harmonisches, geometrisches, arithmetisches, quadratisches Mittel. C.S.: Ungleichung von Cauchy-Schwarz.
Setze
$$
A=\frac{x^{2}+y^{2}}{z}+\frac{y^{2}+z^{2}}{x}+\frac{z^{2}+x^{2}}{y}
$$
Setze $s=x^{2}+y^{2}+z^{2}$, dann folgt leicht mit AM-QM oder C.S. $s \geq(x+y+z)^{2} / 3=1 / 3$. Ausserdem ist
$$
A=\frac{s-z^{2}}{z}+\frac{s-x^{2}}{x}+\frac{s-y^{2}}{y}
$$
Die Funktion $f(x)=\frac{s-x^{2}}{x}$ ist konvex für $0<x<s$, also folgt mit Jensen
$$
\begin{aligned}
A & =3\left(\frac{1}{3} f(x)+\frac{1}{3} f(y)+\frac{1}{3} f(z)\right) \geq 3 f\left(\frac{x+y+z}{3}\right) \\
& =3 f\left(\frac{1}{3}\right)=9 s-1 \geq 2
\end{aligned}
$$
Solution:
Es gibt sehr viele Wege, diese Ungleichung zu beweisen. Wir geben 10 verschiedene Lösungen als Auswahl. Wir verwenden folgende Abkürzungen:
HM, GM, AM, QM: harmonisches, geometrisches, arithmetisches, quadratisches Mittel. C.S.: Ungleichung von Cauchy-Schwarz.
Setze
$$
A=\frac{x^{2}+y^{2}}{z}+\frac{y^{2}+z^{2}}{x}+\frac{z^{2}+x^{2}}{y}
$$
Setze $s=x^{2}+y^{2}+z^{2}$, dann ist
$$
\begin{aligned}
A & =\frac{s-z^{2}}{z}+\frac{s-x^{2}}{x}+\frac{s-y^{2}}{y}=s\left(\frac{1}{x}+\frac{1}{y}+\frac{1}{z}\right)-(x+y+z) \\
& =\left(x^{2}+y^{2}+z^{2}\right)\left(\frac{1}{x}+\frac{1}{y}+\frac{1}{z}\right)-1
\end{aligned}
$$
Die Folgen $\left(x^{2}, y^{2}, z^{2}\right)$ und $(1 / x, 1 / y, 1 / z)$ sind gegensätzlich geordnet, also folgt mit Tschebyschef
$$
A \geq 3\left(\frac{x^{2}}{x}+\frac{y^{2}}{y}+\frac{y^{2}}{y}\right)-1=3 /(x+y+z)-1=2
$$",inequalities,borderline,complete_proof|clear_inference_units|traceable_dependencies|alternative_paths|excessive_repetition,Ruan Haochen (Eddie),confirmed
09o6,polynomials,polynomials,unsuitable,high,opaque_large_jump|pure_computation,,"Prove that the polynomial $P(X) = X^5 + 61X + 2025$ is not the product of two non-constant polynomials with integer coefficients.
(Otgonbayar Uuye)","Suppose, for contradiction, that $P(X)$ can be written as the product of two non-constant polynomials with integer coefficients. Since $P(X)$ is of degree $5$, the only possible degrees for the factors are $(1,4)$ or $(2,3)$.
First, check if $P(X)$ has an integer root. If $a$ is an integer root, then $a^5 + 61a + 2025 = 0$, so $a$ divides $2025$ (by the Rational Root Theorem). The divisors of $2025$ are $\pm1, \pm3, \pm5, \pm9, \pm15, \pm25, \pm27, \pm45, \pm75, \pm81, \pm135, \pm225, \pm405, \pm675, \pm2025$.
Check each possible $a$:
- For $a = 1$: $1 + 61 + 2025 = 2087 \neq 0$
- For $a = -1$: $-1 - 61 + 2025 = 1963 \neq 0$
- For $a = 3$: $243 + 183 + 2025 = 2451 \neq 0$
- For $a = -3$: $-243 - 183 + 2025 = 1599 \neq 0$
- For $a = 5$: $3125 + 305 + 2025 = 5455 \neq 0$
- For $a = -5$: $-3125 - 305 + 2025 = -1405 \neq 0$
- For $a = 9$: $59049 + 549 + 2025 = 61623 \neq 0$
- For $a = -9$: $-59049 - 549 + 2025 = -57673 \neq 0$
- For $a = 15$: $759375 + 915 + 2025 = 762315 \neq 0$
- For $a = -15$: $-759375 - 915 + 2025 = -758265 \neq 0$
- For $a = 25$: $9765625 + 1525 + 2025 = 9769175 \neq 0$
- For $a = -25$: $-9765625 - 1525 + 2025 = -9765125 \neq 0$
- For $a = 27$: $14348907 + 1647 + 2025 = 14352579 \neq 0$
- For $a = -27$: $-14348907 - 1647 + 2025 = -14348529 \neq 0$
- For $a = 45$: $184528125 + 2745 + 2025 = 184532895 \neq 0$
- For $a = -45$: $-184528125 - 2745 + 2025 = -184528845 \neq 0$
- For $a = 75$: $2373046875 + 4575 + 2025 = 2373053475 \neq 0$
- For $a = -75$: $-2373046875 - 4575 + 2025 = -2373049425 \neq 0$
- For $a = 81$: $3486784401 + 4941 + 2025 = 3486789367 \neq 0$
- For $a = -81$: $-3486784401 - 4941 + 2025 = -3486787317 \neq 0$
- For $a = 135$: $454354244875 + 8235 + 2025 = 454354255135 \neq 0$
- For $a = -135$: $-454354244875 - 8235 + 2025 = -454354251085 \neq 0$
- For $a = 225$: $3802040328125 + 13725 + 2025 = 3802040348875 \neq 0$
- For $a = -225$: $-3802040328125 - 13725 + 2025 = -3802040339125 \neq 0$
- For $a = 405$: $11040808032005 + 24705 + 2025 = 11040808058735 \neq 0$
- For $a = -405$: $-11040808032005 - 24705 + 2025 = -11040808054785 \neq 0$
- For $a = 675$: $1434890703125 + 41175 + 2025 = 1434890746325 \neq 0$
- For $a = -675$: $-1434890703125 - 41175 + 2025 = -1434890742075 \neq 0$
- For $a = 2025$: $3452271214390625 + 123525 + 2025 = 3452271214516175 \neq 0$
- For $a = -2025$: $-3452271214390625 - 123525 + 2025 = -3452271214513125 \neq 0$
Therefore, $P(X)$ has no integer roots, so it cannot have a linear factor with integer coefficients.
Now, suppose $P(X)$ factors as the product of a quadratic and a cubic with integer coefficients:
Let $P(X) = (X^2 + aX + b)(X^3 + cX^2 + dX + e)$, with $a, b, c, d, e \in \mathbb{Z}$.
Expand the product:
$$(X^2 + aX + b)(X^3 + cX^2 + dX + e) = X^5 + (a + c)X^4 + (ac + b + d)X^3 + (ad + bc + e)X^2 + (ae + bd)X + be$$
Set this equal to $X^5 + 61X + 2025$ and compare coefficients:
- $X^5$: $1$
- $X^4$: $a + c = 0$ $\implies$ $c = -a$
- $X^3$: $ac + b + d = 0$
- $X^2$: $ad + bc + e = 0$
- $X^1$: $ae + bd = 61$
- Constant: $be = 2025$
Now, $be = 2025$. Since $b, e \in \mathbb{Z}$, $b$ and $e$ are integer divisors of $2025$.
Try all possible pairs $(b, e)$ with $be = 2025$ and $ae + bd = 61$ for some integer $a$ and $d$.
But $2025 = 5^2 \times 3^4$, so it has many divisors, but $|b|, |e| \leq 2025$.
But for each such pair, $ae + bd = 61$ must be solvable in integers $a, d$.
But also, from above, $c = -a$.
Let us try $b = 1$, $e = 2025$:
Then $ae + bd = a \cdot 2025 + 1 \cdot d = 61$ $\implies$ $2025a + d = 61$ $\implies$ $d = 61 - 2025a$
Now, $ac + b + d = 0$ $\implies$ $a(-a) + 1 + d = 0$ $\implies$ $-a^2 + 1 + d = 0$ $\implies$ $d = a^2 - 1$
So $a^2 - 1 = 61 - 2025a$ $\implies$ $a^2 + 2025a - 62 = 0$
This quadratic in $a$ has discriminant $2025^2 + 4 \times 62 = 4100625 + 248 = 4100873$, which is not a perfect square, so $a$ is not integer.
Try $b = 2025$, $e = 1$:
$ae + bd = a \cdot 1 + 2025 \cdot d = 61$ $\implies$ $a + 2025d = 61$ $\implies$ $a = 61 - 2025d$
$ac + b + d = 0$ $\implies$ $a(-a) + 2025 + d = 0$ $\implies$ $-a^2 + 2025 + d = 0$ $\implies$ $d = a^2 - 2025$
So $a^2 - 2025 = d$
But $a = 61 - 2025d$, so $d = (61 - 2025d)^2 - 2025$
This is a quadratic in $d$ with huge coefficients, and it is clear that $d$ will not be integer.
Similarly, for other small divisors, the equations become unsolvable in integers.
Therefore, $P(X)$ cannot be factored as a product of a quadratic and a cubic with integer coefficients.
Thus, $P(X)$ is irreducible over $\mathbb{Z}$, i.e., it cannot be written as the product of two non-constant polynomials with integer coefficients.",polynomials,unsuitable,opaque_large_jump|pure_computation,Ruan Haochen (Eddie),confirmed
09s9,polynomials,polynomials,borderline,high,complete_proof|clear_inference_units|traceable_dependencies|scope_clear|case_structure|alternative_paths|source_mojibake,,"Problem:
Bepaal alle polynomen $P(x)$ met reële coëfficiënten waarvoor het polynoom
$$
Q(x) = (x+1) P(x-1) - (x-1) P(x)
$$
constant is.","Solution:
Oplossing I. Stel dat $P(x)$ een constant polynoom is, zeg $P(x) = a$ met $a \in \mathbb{R}$. Dan is
$$
Q(x) = (x+1) a - (x-1) a = a x + a - a x + a = 2 a,
$$
en dat is constant. Dus elk constant polynoom $P(x)$ voldoet.
We nemen nu verder aan dat $P$ niet constant is. We kunnen dan schrijven $P(x) = a_{n} x^{n} + a_{n-1} x^{n-1} + \ldots + a_{1} x + a_{0}$ met $n \geq 1$ en $a_{n} \neq 0$. Bekijk de coëfficiënt van $x^{n}$ in $Q(x)$. Deze is de som van de coëfficiënten van $x^{n}$ in $x P(x-1)$, $P(x-1)$, $-x P(x)$ en $P(x)$. In de eerste is deze coëfficiënt gelijk aan $a_{n-1} - n a_{n}$, in de tweede aan $a_{n}$, in de derde aan $-a_{n-1}$ en in de vierde aan $a_{n}$. Samen is dat
$$
a_{n-1} - n a_{n} + a_{n} - a_{n-1} + a_{n} = (2-n) a_{n}.
$$
Maar in $Q(x)$ moet deze coëfficiënt gelijk zijn aan $0$. Omdat $a_{n} \neq 0$, volgt hieruit $n = 2$. Dus $P(x) = a_{2} x^{2} + a_{1} x + a_{0}$ met $a_{2} \neq 0$.
Bekijk nu de constante coëfficiënt van $Q(x)$. Deze is de som van de constante coëfficiënten van $x P(x-1)$, $P(x-1)$, $-x P(x)$ en $P(x)$. Dit zijn achtereenvolgens $0$, $a_{2} - a_{1} + a_{0}$, $0$ en $a_{0}$. Samen is dat $a_{2} - a_{1} + 2 a_{0}$. Anderzijds kunnen we $Q(1)$ uitrekenen:
$$
Q(1) = 2 P(0) - 0 = 2 a_{0}
$$
Omdat $Q$ constant is, is $Q(1)$ gelijk aan de constante coëfficiënt van $Q$, dus $2 a_{0} = a_{2} - a_{1} + 2 a_{0}$. We zien dat $a_{2} = a_{1}$. Dus $P(x)$ is van de vorm $P(x) = b x^{2} + b x + a = b x(x+1) + a$ met $a, b \in \mathbb{R}$ en $b \neq 0$. Om te kijken of alle polynomen van deze vorm voldoen, vullen we dit in:
$$
\begin{aligned}
Q(x) & = (x+1)(b(x-1)x + a) - (x-1)(b x(x+1) + a) \\
& = (x-1)x(x+1) b + (x+1)a - (x-1)x(x+1) b - (x-1)a \\
& = 2a
\end{aligned}
$$
Dat is inderdaad constant, dus alle polynomen van deze vorm voldoen. In feite is elk constant polynoom ook van deze vorm, maar dan met $b = 0$. We concluderen dat de oplossingen zijn: alle polynomen van de vorm $P(x) = b x^{2} + b x + a$ met $a, b \in \mathbb{R}$.
Oplossing II. Er geldt
$$
Q(1) = 2 P(0) - 0 = 2 P(0)
$$
en
$$
Q(-1) = 0 - -2 P(-1) = 2 P(-1)
$$
Omdat $Q$ constant is, volgt hieruit $P(0) = P(-1)$. Schrijf $P(0) = c$ en bekijk het polynoom $P(x) - c$. Dit polynoom heeft nulpunten bij $x = 0$ en $x = -1$, dus
$$
P(x) - c = x(x+1) R(x)
$$
voor een zeker polynoom $R(x)$ met reële coëfficiënten. Dus $P(x) = x(x+1) R(x) + c$ en dit vullen we in:
$$
\begin{aligned}
Q(x) & = (x+1)((x-1)x R(x-1) + c) - (x-1)(x(x+1) R(x) + c) \\
& = (x-1)x(x+1) R(x-1) + (x+1)c - (x-1)x(x+1) R(x) - (x-1)c \\
& = (x-1)x(x+1)(R(x-1) - R(x)) + 2c
\end{aligned}
$$
Dit moet constant zijn, dus $R(x-1) - R(x)$ moet het nulpolynoom zijn. Dus $R(x-1) = R(x)$ voor alle $x$. In het bijzonder geldt $R(0) = R(1) = R(2) = \ldots$, dus $R$ neemt dezelfde waarde aan op oneindig veel punten. Dat betekent dat $R$ gelijk moet zijn aan een constant polynoom, zeg $R(x) = d$. Dan geldt
$$
P(x) = x(x+1) d + c = d x^{2} + d x + c.
$$
Net als in de eerste oplossing controleren we dat alle polynomen van deze vorm, met $c, d \in \mathbb{R}$, voldoen.
Oplossing III. We noemen $p = P(1)$ en $q$ de constante waarde die $Q(x)$ aanneemt. We bewijzen met inductie naar $m$ dat $P(m) = \frac{1}{2} m(m+1) p - \left(\frac{1}{2} m(m+1) - 1\right) \cdot \frac{q}{2}$ voor alle gehele $m \geq 1$.
Voor $m = 1$ staat er $P(1) = \frac{1}{2} \cdot 1 \cdot 2 \cdot p - \left(\frac{1}{2} \cdot 1 \cdot 2 - 1\right) \cdot \frac{q}{2} = p - 0 = P(1)$, dus dat klopt. Zij nu $k \geq 1$ en neem aan dat we de claim bewezen hebben voor $m = k$. Uit de gegeven vergelijking volgt voor $x \neq 1$ :
$$
P(x) = \frac{(x+1) P(x-1) - q}{x-1}.
$$
Vul nu $x = k+1$ in (merk op dat $x \neq 1$, want $k \geq 1$ ):
$$
\begin{aligned}
P(k+1) & = \frac{(k+2) P(k) - q}{k} \\
& = \frac{(k+2) \cdot \left(\frac{1}{2} k(k+1) p - \left(\frac{1}{2} k(k+1) - 1\right) \cdot \frac{q}{2}\right) - q}{k} \\
& = (k+2) \cdot \left(\frac{1}{2}(k+1) p - \left(\frac{1}{2}(k+1) - \frac{1}{k}\right) \cdot \frac{q}{2}\right) - \frac{q}{k} \\
& = \frac{1}{2}(k+1)(k+2) p - \frac{1}{2}(k+1)(k+2) \cdot \frac{q}{2} + \frac{k+2}{k} \cdot \frac{q}{2} - \frac{q}{k} \\
& = \frac{1}{2}(k+1)(k+2) p - \frac{1}{2}(k+1)(k+2) \cdot \frac{q}{2} + \frac{q}{2} + \frac{2}{k} \cdot \frac{q}{2} - \frac{q}{k} \\
& = \frac{1}{2}(k+1)(k+2) p - \left(\frac{1}{2}(k+1)(k+2) - 1\right) \cdot \frac{q}{2}.
\end{aligned}
$$
Dit voltooit de inductiestap.
Dus $P(x)$ valt op oneindig veel punten (namelijk alle positieve gehele getallen) samen met het polynoom $\frac{1}{2} x(x+1) p - \left(\frac{1}{2} x(x+1) - 1\right) \cdot \frac{q}{2}$. Daarom moet hij gelijk zijn aan dit polynoom. Als we dit herschrijven tot de standaardnotatie, krijgen we
$$
P(x) = \left(\frac{1}{2} p - \frac{1}{4} q\right) \cdot x^{2} + \left(\frac{1}{2} p - \frac{1}{4} q\right) \cdot x + \frac{q}{2}.
$$
Dit is van de vorm $P(x) = b x^{2} + b x + a$ met $a$ en $b$ constanten in $\mathbb{R}$. Net als in de eerste oplossing controleren we dat alle polynomen van deze vorm voldoen.",polynomials,borderline,complete_proof|clear_inference_units|traceable_dependencies|scope_clear|case_structure|alternative_paths|source_mojibake,Ruan Haochen (Eddie),confirmed
0kab,polynomials,polynomials,suitable,high,complete_proof|clear_inference_units|traceable_dependencies|scope_clear|case_structure|multi_premise_merge|alternative_paths,,"Problem:
Let $p > 2$ be a prime number. $\mathbb{F}_p[x]$ is defined as the set of all polynomials in $x$ with coefficients in $\mathbb{F}_p$ (the integers modulo $p$ with usual addition and subtraction), so that two polynomials are equal if and only if the coefficients of $x^k$ are equal in $\mathbb{F}_p$ for each nonnegative integer $k$. For example, $(x+2)(2x+3) = 2x^2 + 2x + 1$ in $\mathbb{F}_5[x]$ because the corresponding coefficients are equal modulo $5$.
Let $f, g \in \mathbb{F}_p[x]$. The pair $(f, g)$ is called compositional if
$$
f(g(x)) \equiv x^{p^2} - x
$$
in $\mathbb{F}_p[x]$. Find, with proof, the number of compositional pairs (in terms of $p$).","Solution:
Answer: $4p(p-1)$
First, notice that $(\operatorname{deg} f)(\operatorname{deg} g) = p^{2}$ and both polynomials are clearly nonconstant. Therefore there are three possibilities for the ordered pair $(\operatorname{deg} f, \operatorname{deg} g)$, which are $(1, p^{2})$, $(p^{2}, 1)$, and $(p, p)$.
In the subsequent parts of the solution, equalities are modulo $p$. If $f(x) = a x + b$, $a \neq 0$ is linear, then it is invertible so then $g$ is uniquely determined as $g(x) = f^{-1}(f(g(x))) = \frac{x^{p^{2}} - x - b}{a}$. Similarly, if $g(x) = c x + d$, $c \neq 0$ $(\bmod p)$ is linear then $f$ is uniquely determined as $f(x) = f\left(g\left(g^{-1}(x)\right)\right) = \left(\frac{x-d}{c}\right)^{p^{2}} - \left(\frac{x-d}{c}\right)$. In each case there are $p(p-1)$ compositional pairs.
The last case is $\operatorname{deg} f = \operatorname{deg} g = p$. We take the derivative of both sides (we use the formal derivative $D_{x} f(x) = \sum_{n \geq 1} n f_{n} x^{n-1}$, which satisfies the usual chain and product rules but can be used on arbitrary polynomials, including those in $\mathbb{F}_p[x]$).
Thus
$$
f'(g(x)) g'(x) = p^{2} x^{p^{2}-1} - 1 = -1,
$$
using that $p = 0$ in $\mathbb{F}_p$. Now $g'(x)$ and $f'(g(x))$ must both be constant polynomials. Since $g$ is nonconstant, this means that $f'(x)$ is also a constant polynomial. We must be careful here, as unlike in $\mathbb{R}$, nonlinear polynomials can have constant derivatives. From the formula of derivative, we see that $h'(x) = 0$ as a polynomial exactly when $h(x)$ is a linear combination of $1, x^{p}, x^{2p}, \ldots$ (remember that $p = 0$). Thus $f', g'$ both being constant and $f, g$ being of degree $p$ tells us
$$
f(x) = a x^{p} + b x + c, \quad g(x) = d x^{p} + e x + f
$$
where $a, b, c, d, e, f$ are some elements of $\mathbb{F}_p$. Now we must have
$$
a\left(d x^{p} + e x + f\right)^{p} + b\left(d x^{p} + e x + f\right) + c = x^{p^{2}} - x
$$
over $\mathbb{F}_p[x]$. We use the fact that $(x+y)^{p} = x^{p} + y^{p}$ as polynomials in $\mathbb{F}_p$, since the binomial coefficients $\binom{p}{j} \equiv 0 (\bmod p)$ for $1 \leq j \leq p-1$. This implies $(x+y+z)^{p} = x^{p} + y^{p} + z^{p}$. Therefore we can expand the previous equation as
$$
a\left(d^{p} x^{p^{2}} + e^{p} x^{p} + f^{p}\right) + b\left(d x^{p} + e x + f\right) + c = x^{p^{2}} - x.
$$
Equating coefficients, we see that
$$
\begin{aligned}
a d^{p} & = 1, \\
a e^{p} + b d & = 0, \\
b e & = -1, \\
a f^{p} + b f + c & = 0.
\end{aligned}
$$
The first and third equations imply that $a, d, b, e$ are nonzero $(\bmod p)$ and $a = d^{-p}$, $b = -e^{-1}$. Then $a e^{p} + b d = 0$ gives
$$
d^{-p} e^{p} - e^{-1} d = 0
$$
or $e^{p+1} = d^{p+1}$. Recalling that $e^{p-1} = d^{p-1} = 1$ in $(\bmod p)$, this tells us $d^{2} = e^{2}$ so $d = \pm e$. Furthermore, any choice of such $(d, e)$ give unique $(a, b)$ which satisfy the first three equations. Finally, once we have determined $a, b, d, e$, any choice of $f$ gives a unique valid choice of $c$.
Thus we have $p-1$ choices for $d$, two choices for $e$ after choosing $d$ (n.b. for $p=2$ there is only one choice for $e$, so the assumption $p>2$ is used here), and then $p$ choices for $f$, for a total of $2p(p-1)$ compositional pairs in this case.
Finally, adding the number of compositional pairs from all three cases, we obtain $4p(p-1)$ compositional pairs in total.
Solution:
The key step is obtaining
$$
f(x) = a x^{p} + b x + c, \quad g(x) = d x^{p} + e x + f
$$
in the case where $\operatorname{deg} f = \operatorname{deg} g = p$. We present an alternative method of obtaining this, with the rest of the solution being the same as the first solution. Let
$$
\begin{aligned}
& f(x) = f_{p} x^{p} + f_{p-1} x^{p-1} + \cdots + f_{0} \\
& g(x) = g_{p} x^{p} + g_{p-1} x^{p-1} + \cdots + g_{0}
\end{aligned}
$$
where $f_{p}, g_{p}$ are nonzero. Like before, we have $g(x)^{p} = g\left(x^{p}\right)$ in $\mathbb{F}_p[x]$, so
$$
x^{p^{2}} - x = f_{p} g\left(x^{p}\right) + f_{p-1} g(x)^{p-1} + \cdots + f_{0}
$$
Consider the maximal $k < p$ for which $f_{k} \neq 0$. (It is not hard to see that in fact $k \geq 1$, as $f_{p} g\left(x^{p}\right) + f_{0}$ cannot be $x^{p^{2}} - x$.) First assume that $k > 1$. We look at the $x^{k p - 1}$ coefficient, which is affected only by the $f_{k} g(x)^{k}$ term. By expanding, the coefficient is $k f_{k} g_{p}^{k-1} g_{p-1}$. Therefore $g_{p-1} = 0$. Then we look at the $x^{k p - 2}$ coefficient, then the $x^{k p - 3}$ coefficient, etc. down to the $x^{k p - p + 1}$ coefficient to conclude that $g_{p-1} = g_{p-2} = \cdots = g_{1} = 0$. However, then the $x$ coefficient of $f(g(x))$ is zero, contradiction.
Therefore we must have $k = 1$, so $f$ is of the form $a x^{p} + b x + c$. Using the same method as we used when $k > 1$, we get $g_{p-1} = g_{p-2} = \cdots = g_{2} = 0$, though the $x^{k p - p + 1}$ coefficient is now the $x$ coefficient which we want to be nonzero. Hence we do not obtain $g_{1} = 0$ anymore and we find that $g$ is of the form $d x^{p} + e x + f$.",polynomials,suitable,complete_proof|clear_inference_units|traceable_dependencies|scope_clear|case_structure|multi_premise_merge|alternative_paths,Ruan Haochen (Eddie),confirmed
02m4,recurrences_sequences,inequalities,borderline,high,clear_inference_units|case_structure|opaque_large_jump,,"Let $n > 3$ be a fixed integer and $x_1, x_2, \dots, x_n$ be positive real numbers. Find, in terms of $n$, all possible real values of
$$
\frac{x_1}{x_n + x_1 + x_2} + \frac{x_2}{x_1 + x_2 + x_3} + \dots + \frac{x_{n-1}}{x_{n-2} + x_{n-1} + x_n} + \frac{x_n}{x_{n-1} + x_n + x_1}
$$","The answer is all real numbers in the interval $]1, \lfloor n/2 \rfloor[$. For simplicity, let
$$
E = \frac{x_1}{x_n + x_1 + x_2} + \frac{x_2}{x_1 + x_2 + x_3} + \frac{x_3}{x_2 + x_3 + x_4} + \dots + \frac{x_n}{x_{n-1} + x_n + x_1}.
$$
Let's prove first the lower bound. Let $S = x_1 + x_2 + \dots + x_n$. First notice that
$$
E > \frac{x_1}{S} + \frac{x_2}{S} + \frac{x_3}{S} + \dots + \frac{x_n}{S} = \frac{x_1 + x_2 + \dots + x_n}{S} = 1.
$$
By making, say, $x_i = \epsilon^{i-1}$, we obtain $\frac{x_i}{x_{i-1}+x_i+x_{i+1}} = \frac{\epsilon}{1+\epsilon+\epsilon^2}$ for $1 < i < n$, $\frac{x_1}{x_n+x_1+x_2} = \frac{1}{\epsilon^{n-1}+1+\epsilon}$ and $\frac{x_n}{x_{n-1}+x_n+x_1} = \frac{\epsilon^{n-1}}{\epsilon^{n-2}+\epsilon^{n-1}+1}$. Thus, by making $\epsilon$ very small we obtain $E$ arbitrarily close to 1.
Now, for the upper bound, notice that, for $n$ even,
$$
E < \frac{x_1}{x_1 + x_2} + \frac{x_2}{x_1 + x_2} + \frac{x_3}{x_3 + x_4} + \frac{x_4}{x_3 + x_4} + \dots + \frac{x_n}{x_{n-1} + x_n} = \frac{n}{2} = \lfloor \frac{n}{2} \rfloor
$$
For $n$ odd, suppose without loss of generality that the minimum of the denominators $x_n + x_1 + x_2, x_1 + x_2 + x_3, \dots, x_{n-1} + x_n + x_1$ is $x_1 + x_2 + x_3$. Thus
$$
\frac{x_1}{x_n + x_1 + x_2} + \frac{x_2}{x_1 + x_2 + x_3} + \frac{x_3}{x_2 + x_3 + x_4} \le \frac{x_1}{x_1 + x_2 + x_3} + \frac{x_2}{x_1 + x_2 + x_3} + \frac{x_3}{x_1 + x_2 + x_3} = 1
$$
This implies
$$
\begin{aligned}
E < 1 &+ \frac{x_4}{x_4+x_5} + \frac{x_5}{x_4+x_5} + \frac{x_6}{x_6+x_7} + \frac{x_7}{x_6+x_7} + \dots + \frac{x_{n-1}}{x_{n-1}+x_n} + \frac{x_n}{x_{n-1}+x_n} \\
= 1 &+ \frac{n-3}{2} = \lfloor \frac{n}{2} \rfloor
\end{aligned}
$$
Now, to attain the upper bound, choose $x_{2k} = \epsilon$ and $x_{2k-1} = 1$, $k = 1, 2, \dots, \lfloor n/2 \rfloor$. For $n$ even, we have the summands $\frac{x_{2k-1}}{x_{2k-2}+x_{2k-1}+x_{2k}} = \frac{1}{1+2\epsilon}$ and $\frac{x_{2k}}{x_{2k-1}+x_{2k}+x_{2k+1}} = \frac{\epsilon}{2+\epsilon}$ and $E$ gets arbitrarily close to $n/2$ as $\epsilon$ gets small. For $n$ odd, notice that $x_1 = x_n = \epsilon$, so $\frac{x_{2k-1}}{x_{2k-2}+x_{2k-1}+x_{2k}} = \frac{1}{1+2\epsilon}$ and $\frac{x_{2k}}{x_{2k-1}+x_{2k}+x_{2k+1}} = \frac{\epsilon}{2+\epsilon}$ and $E$ gets arbitrarily close to $\lfloor n/2 \rfloor$ as $\epsilon$ gets small.",inequalities,borderline,clear_inference_units|case_structure|opaque_large_jump,Ruan Haochen (Eddie),confirmed
06p8,recurrences_sequences,inequalities,suitable,high,complete_proof|clear_inference_units|traceable_dependencies|scope_clear|multi_premise_merge|alternative_paths,,"Let $n$ be a positive integer, and let $x$ and $y$ be positive real numbers such that $x^{n}+y^{n}=1$. Prove that
$$
\left(\sum_{k=1}^{n} \frac{1+x^{2 k}}{1+x^{4 k}}\right)\left(\sum_{k=1}^{n} \frac{1+y^{2 k}}{1+y^{4 k}}\right)<\frac{1}{(1-x)(1-y)} .
$$","For each real $t \in (0,1)$,
$$
\frac{1+t^{2}}{1+t^{4}}=\frac{1}{t}-\frac{(1-t)\left(1-t^{3}\right)}{t\left(1+t^{4}\right)}<\frac{1}{t}
$$
Substituting $t=x^{k}$ and $t=y^{k}$,
$$
0<\sum_{k=1}^{n} \frac{1+x^{2 k}}{1+x^{4 k}}<\sum_{k=1}^{n} \frac{1}{x^{k}}=\frac{1-x^{n}}{x^{n}(1-x)} \quad \text{ and } \quad 0<\sum_{k=1}^{n} \frac{1+y^{2 k}}{1+y^{4 k}}<\sum_{k=1}^{n} \frac{1}{y^{k}}=\frac{1-y^{n}}{y^{n}(1-y)} .
$$
Since $1-y^{n}=x^{n}$ and $1-x^{n}=y^{n}$,
$$
\frac{1-x^{n}}{x^{n}(1-x)}=\frac{y^{n}}{x^{n}(1-x)}, \quad \frac{1-y^{n}}{y^{n}(1-y)}=\frac{x^{n}}{y^{n}(1-y)}
$$
and therefore
$$
\left(\sum_{k=1}^{n} \frac{1+x^{2 k}}{1+x^{4 k}}\right)\left(\sum_{k=1}^{n} \frac{1+y^{2 k}}{1+y^{4 k}}\right)<\frac{y^{n}}{x^{n}(1-x)} \cdot \frac{x^{n}}{y^{n}(1-y)}=\frac{1}{(1-x)(1-y)} .
$$
We prove
$$
\begin{equation*}
\left(\sum_{k=1}^{n} \frac{1+x^{2 k}}{1+x^{4 k}}\right)\left(\sum_{k=1}^{n} \frac{1+y^{2 k}}{1+y^{4 k}}\right)<\frac{\left(\frac{1+\sqrt{2}}{2} \ln 2\right)^{2}}{(1-x)(1-y)}<\frac{0.7001}{(1-x)(1-y)} \tag{1}
\end{equation*}
$$
The idea is to estimate each term on the left-hand side with the same constant. To find the upper bound for the expression $\frac{1+x^{2 k}}{1+x^{4 k}}$, consider the function $f(t)=\frac{1+t}{1+t^{2}}$ in interval $(0,1)$. Since
$$
f^{\prime}(t)=\frac{1-2 t-t^{2}}{\left(1+t^{2}\right)^{2}}=\frac{(\sqrt{2}+1+t)(\sqrt{2}-1-t)}{\left(1+t^{2}\right)^{2}}
$$
the function increases in interval $(0, \sqrt{2}-1]$ and decreases in $[\sqrt{2}-1,1)$. Therefore the maximum is at point $t_{0}=\sqrt{2}-1$ and
$$
f(t)=\frac{1+t}{1+t^{2}} \leq f\left(t_{0}\right)=\frac{1+\sqrt{2}}{2}=\alpha
$$
Applying this to each term on the left-hand side of (1), we obtain
$$
\begin{equation*}
\left(\sum_{k=1}^{n} \frac{1+x^{2 k}}{1+x^{4 k}}\right)\left(\sum_{k=1}^{n} \frac{1+y^{2 k}}{1+y^{4 k}}\right) \leq n \alpha \cdot n \alpha=(n \alpha)^{2} . \tag{2}
\end{equation*}
$$
To estimate $(1-x)(1-y)$ on the right-hand side, consider the function
$$
g(t)=\ln \left(1-t^{1 / n}\right)+\ln \left(1-(1-t)^{1 / n}\right)
$$
Substituting $s$ for $1-t$, we have
$$
-n g^{\prime}(t)=\frac{t^{1 / n-1}}{1-t^{1 / n}}-\frac{s^{1 / n-1}}{1-s^{1 / n}}=\frac{1}{s t}\left(\frac{(1-t) t^{1 / n}}{1-t^{1 / n}}-\frac{(1-s) s^{1 / n}}{1-s^{1 / n}}\right)=\frac{h(t)-h(s)}{s t} .
$$
The function
$$
h(t)=t^{1 / n} \frac{1-t}{1-t^{1 / n}}=\sum_{i=1}^{n} t^{i / n}
$$
is obviously increasing for $t \in (0,1)$, hence for these values of $t$ we have
$$
g^{\prime}(t)>0 \Longleftrightarrow h(t)<h(s) \Longleftrightarrow t<s=1-t \Longleftrightarrow t<\frac{1}{2} .
$$
Then, the maximum of $g(t)$ in ( 0,1 ) is attained at point $t_{1}=1 / 2$ and therefore
$$
g(t) \leq g\left(\frac{1}{2}\right)=2 \ln \left(1-2^{-1 / n}\right), \quad t \in (0,1)
$$
Substituting $t=x^{n}$, we have $1-t=y^{n},(1-x)(1-y)=\exp g(t)$ and hence
$$
\begin{equation*}
(1-x)(1-y)=\exp g(t) \leq\left(1-2^{-1 / n}\right)^{2} \tag{3}
\end{equation*}
$$
Combining (2) and (3), we get
$$
\left(\sum_{k=1}^{n} \frac{1+x^{2 k}}{1+x^{4 k}}\right)\left(\sum_{k=1}^{n} \frac{1+y^{2 k}}{1+y^{4 k}}\right) \leq(\alpha n)^{2} \cdot 1 \leq(\alpha n)^{2} \frac{\left(1-2^{-1 / n}\right)^{2}}{(1-x)(1-y)}=\frac{\left(\alpha n\left(1-2^{-1 / n}\right)\right)^{2}}{(1-x)(1-y)} .
$$
Applying the inequality $1-\exp (-t)<t$ for $t=\frac{\ln 2}{n}$, we obtain
$$
\alpha n\left(1-2^{-1 / n}\right)=\alpha n\left(1-\exp \left(-\frac{\ln 2}{n}\right)\right)<\alpha n \cdot \frac{\ln 2}{n}=\alpha \ln 2=\frac{1+\sqrt{2}}{2} \ln 2 .
$$
Hence,
$$
\left(\sum_{k=1}^{n} \frac{1+x^{2 k}}{1+x^{4 k}}\right)\left(\sum_{k=1}^{n} \frac{1+y^{2 k}}{1+y^{4 k}}\right)<\frac{\left(\frac{1+\sqrt{2}}{2} \ln 2\right)^{2}}{(1-x)(1-y)}
$$",inequalities,suitable,complete_proof|clear_inference_units|traceable_dependencies|scope_clear|multi_premise_merge|alternative_paths,Ruan Haochen (Eddie),confirmed
07wd,recurrences_sequences,inequalities,suitable,high,complete_proof|clear_inference_units|traceable_dependencies|scope_clear|multi_premise_merge,,"Prove that any finite sum of terms
$$
\frac{1}{abc(a + b + c + 1)}
$$
where $a, b, c$ are positive integers, is smaller than 6.","We will use the following notation:
$$
H_i = \sum_{k=1}^{i} \frac{1}{k} \qquad P_i(m) = \sum_{k=m}^{N} \frac{H_{k+i}}{k(k+1)}.
$$
**Lemma 1.** For all $i \ge 1$ and all $1 \le M \le N$ we have
$$
\sum_{k=M}^{N} \frac{1}{k(k+i)} < \frac{1}{i} \sum_{k=M}^{M+i-1} \frac{1}{k} .
$$
*Proof.* Using $\frac{1}{k(k+i)} = \frac{1}{i}\left(\frac{1}{k} - \frac{1}{k+i}\right)$ we see that
$$
\sum_{k=M}^{N} \frac{1}{k(k + i)} = \frac{1}{i} \sum_{k=M}^{N} \left( \frac{1}{k} - \frac{1}{k + i} \right) = \frac{1}{i} \sum_{k=M}^{M+i-1} \frac{1}{k} - \frac{1}{i} \sum_{k=N+1}^{N+i} \frac{1}{k} < \frac{1}{i} \sum_{k=M}^{M+i-1} \frac{1}{k}.
$$
If $M + i - 1 \le N$ the terms $1/k$ for $M + i \le k \le N$ cancel out as they appear in both sums. When $M + i - 1 > N$, we have introduced extra terms which appear in both sums. In this case, the sum on the right hand side would only need to go up to $k = N$, but we don't need this stronger inequality. $\square$
$$
i = 2 \qquad \sum_{k=M}^{N} \frac{1}{k(k+2)} < \frac{1}{2M} + \frac{1}{2(M+1)} \qquad (32)$$
$$M = 1 \qquad \sum_{k=1}^{N} \frac{1}{k(k+i)} < \frac{1}{i} \sum_{k=1}^{i} \frac{1}{k} = \frac{H_i}{i} \qquad (33)$$
**Lemma 2.** For all $N > m \ge 1$ and $i \ge 1$ we have
$$
P_i(m) < \frac{1}{m} H_{m+i} + \frac{1}{i} \sum_{k=m+1}^{m+i} \frac{1}{k}.
$$
$$
\begin{align*}
P_i(m) &= \sum_{k=m}^{N} \frac{H_{k+i}}{k(k+1)} \\
&= \sum_{k=m}^{N} \left( \frac{1}{k} - \frac{1}{k+1} \right) H_{k+i} = \sum_{k=m}^{N} \frac{1}{k} H_{k+i} - \sum_{k=m+1}^{N+1} \frac{1}{k} H_{k+i-1} \\
&= \frac{1}{m} H_{m+i} + \sum_{k=m+1}^{N} \frac{1}{k} (H_{k+i} - H_{k+i-1}) - \frac{1}{N+1} H_{N+i} \\
&< \frac{1}{m} H_{m+i} + \sum_{k=m+1}^{N} \frac{1}{k(k+i)} < \frac{1}{m} H_{m+i} + \frac{1}{i} \sum_{k=m+1}^{m+i} \frac{1}{k} \quad \text{using Lemma 1.}
\end{align*}
$$
$\square$
In particular, we obtain
$$
P_1(m) < \frac{1}{m+1} + \frac{1}{m} H_{m+1} \qquad (34)
$$
$$
P_2(m) < \frac{1}{2(m+1)} + \frac{1}{2(m+2)} + \frac{1}{m} H_{m+2}. \quad (35)
$$
\begin{align*}
S &= \sum_{a,b,c=1}^{N} \frac{1}{abc(a+b+c+1)} = \sum_{a,b=1}^{N} \frac{1}{ab} \sum_{c=1}^{N} \frac{1}{c(a+b+c+1)} \\
&< \sum_{a,b=1}^{N} \frac{H_{a+b+1}}{ab(a+b+1)} && \text{using (33) with } i = a+b+1 \\
&= \sum_{a,b=1}^{N} \frac{a+b}{ab} \cdot \frac{H_{a+b+1}}{(a+b)(a+b+1)} \\
&= \sum_{k=2}^{2N} \sum_{a+b=k} \left(\frac{1}{a} + \frac{1}{b}\right) \frac{H_{k+1}}{k(k+1)} = 2 \sum_{k=2}^{2N} \sum_{m=1}^{k-1} \frac{1}{m} \cdot \frac{H_{k+1}}{k(k+1)}.
\end{align*}
$$
$$
\sum_{k=2}^{2N} \sum_{m=1}^{k-1} \frac{1}{m} \cdot \frac{H_{k+1}}{k(k+1)} = \sum_{m=1}^{2N-1} \frac{1}{m} \sum_{k=m+1}^{2N} \frac{H_{k+1}}{k(k+1)}.
$$
Therefore,
$$
\begin{align*}
S < 2 \sum_{m=1}^{2N-1} \frac{1}{m} \sum_{k=m+1}^{2N} \frac{H_{k+1}}{k(k+1)} &= 2 \sum_{m=1}^{2N-1} \frac{1}{m} P_1(m+1) \\
&< 2 \sum_{m=1}^{2N-1} \frac{1}{m} \left( \frac{1}{m+2} + \frac{1}{m+1} H_{m+2} \right) && \text{using (34)} \\
&= 2 \sum_{m=1}^{2N-1} \frac{1}{m(m+2)} + 2 \sum_{m=1}^{2N-1} \frac{H_{m+2}}{m(m+1)} \\
&= 2 \sum_{m=1}^{2N-1} \frac{1}{m(m+2)} + 2P_2(1) \\
&< 1 + \frac{1}{2} + 2 \left( \frac{1}{4} + \frac{1}{6} + H_3 \right) = 6. && \text{using (32) and (35).}
\end{align*}
$$",inequalities,suitable,complete_proof|clear_inference_units|traceable_dependencies|scope_clear|multi_premise_merge,Ruan Haochen (Eddie),confirmed
039z,unclassified_algebra,unclassified_algebra,unsuitable,high,proof_corrupted|excessive_repetition|opaque_large_jump|too_long_unstructured,,"Find all values of the real parameter $a$ such that the equation $\sin 2x \sin 4x - \sin x \sin 3x = a$ has a unique solution in the interval $[0, \pi)$.","Let us analyze the equation:
$$
\sin 2x \sin 4x - \sin x \sin 3x = a
$$
for $x \in [0, \pi)$.
First, use the product-to-sum formulas:
$$
\sin A \sin B = \frac{1}{2}[\cos(A-B) - \cos(A+B)]
$$
So,
$$
\sin 2x \sin 4x = \frac{1}{2}[\cos(2x - 4x) - \cos(2x + 4x)] = \frac{1}{2}[\cos(-2x) - \cos(6x)] = \frac{1}{2}[\cos 2x - \cos 6x]
$$
Similarly,
$$
\sin x \sin 3x = \frac{1}{2}[\cos(x - 3x) - \cos(x + 3x)] = \frac{1}{2}[\cos(-2x) - \cos 4x] = \frac{1}{2}[\cos 2x - \cos 4x]
$$
Therefore,
$$
\sin 2x \sin 4x - \sin x \sin 3x = \frac{1}{2}[\cos 2x - \cos 6x - \cos 2x + \cos 4x] = \frac{1}{2}[\cos 4x - \cos 6x]
$$
So the equation becomes:
$$
\frac{1}{2}[\cos 4x - \cos 6x] = a
$$
Multiply both sides by $2$:
$$
\cos 4x - \cos 6x = 2a
$$
Recall that $\cos A - \cos B = -2 \sin\left(\frac{A+B}{2}\right) \sin\left(\frac{A-B}{2}\right)$.
So,
$$
\cos 4x - \cos 6x = -2 \sin\left(\frac{4x + 6x}{2}\right) \sin\left(\frac{4x - 6x}{2}\right) = -2 \sin 5x \sin(-x) = 2 \sin 5x \sin x
$$
Therefore,
$$
2 \sin 5x \sin x = 2a
$$
Divide both sides by $2$:
$$
\sin 5x \sin x = a
$$
Now, $\sin 5x \sin x$ is a continuous function on $[0, \pi)$.
Let us analyze its range and the number of solutions for $a$.
Let $f(x) = \sin 5x \sin x$ for $x \in [0, \pi)$.
We seek all $a$ such that $f(x) = a$ has a unique solution in $[0, \pi)$.
Let us find the maximum and minimum values of $f(x)$ in $[0, \pi)$.
Note that $\sin x = 0$ at $x = 0$ and $x = \pi$ (but $\pi$ is not included), so at $x = 0$, $f(0) = 0$.
Let us look for critical points:
$$
\frac{d}{dx} f(x) = \frac{d}{dx} (\sin 5x \sin x) = 5 \cos 5x \sin x + \sin 5x \cos x
$$
Set derivative to zero:
$$
5 \cos 5x \sin x + \sin 5x \cos x = 0
$$
Or,
$$
5 \cos 5x \sin x = -\sin 5x \cos x
$$
Or,
$$
\frac{\cos 5x}{\sin 5x} = -\frac{\cos x}{5 \sin x}
$$
But instead, let's look for the maximum and minimum by considering the product.
Since $\sin x$ and $\sin 5x$ both vary between $-1$ and $1$ in $[0, \pi)$, but $\sin x \ge 0$ in $[0, \pi]$.
Let us check the values at $x = \frac{\pi}{2}$:
$$
\sin x = 1, \sin 5x = \sin \left(\frac{5\pi}{2}\right) = -1
$$
So $f\left(\frac{\pi}{2}\right) = -1$.
At $x = \frac{\pi}{6}$:
$$
\sin x = \frac{1}{2}, \sin 5x = \sin \left(\frac{5\pi}{6}\right) = \frac{1}{2}
$$
So $f\left(\frac{\pi}{6}\right) = \frac{1}{4}$.
At $x = \frac{\pi}{10}$:
$$
\sin x \approx 0.309, \sin 5x = \sin \left(\frac{\pi}{2}\right) = 1
$$
So $f\left(\frac{\pi}{10}\right) \approx 0.309$
At $x = \pi$ (not included), $\sin x = 0$.
At $x = 0$, $\sin x = 0$.
At $x = \frac{\pi}{5}$:
$$
\sin x \approx 0.5878, \sin 5x = \sin \pi = 0
$$
So $f\left(\frac{\pi}{5}\right) = 0$
At $x = \frac{2\pi}{5}$:
$$
\sin x \approx 0.9511, \sin 5x = \sin 2\pi = 0
$$
So $f\left(\frac{2\pi}{5}\right) = 0$
At $x = \frac{3\pi}{5}$:
$$
\sin x \approx 0.9511, \sin 5x = \sin 3\pi = 0
$$
So $f\left(\frac{3\pi}{5}\right) = 0$
At $x = \frac{4\pi}{5}$:
$$
\sin x \approx 0.5878, \sin 5x = \sin 4\pi = 0
$$
So $f\left(\frac{4\pi}{5}\right) = 0$
At $x = \frac{\pi}{2}$, $f = -1$.
At $x = \frac{\pi}{10}$, $f \approx 0.309$.
At $x = \frac{9\pi}{10}$:
$$
\sin x \approx 0.309, \sin 5x = \sin \left(\frac{9\pi}{2}\right) = 1
$$
So $f \approx 0.309$
At $x = \frac{\pi}{2}$, $f = -1$.
Let us check if $f(x)$ can reach $1$.
At $x = \frac{\pi}{2}$, $\sin x = 1$, $\sin 5x = -1$, so $f = -1$.
At $x = \frac{\pi}{10}$, $\sin x \approx 0.309$, $\sin 5x = 1$, so $f \approx 0.309$.
At $x = \frac{9\pi}{10}$, $\sin x \approx 0.309$, $\sin 5x = 1$, so $f \approx 0.309$.
So the maximum value is $0.309$, minimum is $-1$.
But let's check for $f(x) = 1$.
Suppose $\sin 5x = 1$, $\sin x = 1$, but $\sin 5x = 1$ when $5x = \frac{\pi}{2} + 2k\pi$, so $x = \frac{\pi}{10} + \frac{2k\pi}{5}$.
But $\sin x = 1$ only at $x = \frac{\pi}{2}$, but $\sin 5x$ at $x = \frac{\pi}{2}$ is $\sin \left(\frac{5\pi}{2}\right) = -1$.
So $f(x)$ never reaches $1$ in $[0, \pi)$, but it does reach $-1$ at $x = \frac{\pi}{2}$.
Now, for $a = -1$, $f(x) = -1$ at $x = \frac{\pi}{2}$, but is this the only solution?
Suppose $f(x) = -1$ has only one solution in $[0, \pi)$.
Let us check the behavior of $f(x)$:
Since $f(x)$ is a product of two sine functions, and $\sin x$ is zero at $x = 0$ and $x = \pi$, and $\sin 5x$ is zero at $x = 0, \frac{\pi}{5}, \frac{2\pi}{5}, \frac{3\pi}{5}, \frac{4\pi}{5}, \pi$.
So $f(x)$ is zero at these points.
The only point where $f(x) = -1$ is at $x = \frac{\pi}{2}$.
Now, for $a = 1$, does $f(x) = 1$ have a solution?
Suppose $\sin 5x = 1$, $\sin x = 1$, but as above, this does not happen in $[0, \pi)$.
But the answer given is $a = 1$.
Let us check the number of solutions for $a = 1$.
Set $\sin 5x \sin x = 1$.
But $|\sin 5x| \le 1$, $|\sin x| \le 1$, so the product is $1$ only if both are $1$ or both are $-1$.
But $\sin x = 1$ at $x = \frac{\pi}{2}$, $\sin 5x = -1$ at $x = \frac{\pi}{2}$, so $f\left(\frac{\pi}{2}\right) = -1$.
So $f(x) = 1$ is never achieved, unless at some other point.
But the answer is $a = 1$.
Alternatively, perhaps the function $f(x)$ is strictly increasing or decreasing, so for $a = 1$ there is a unique solution.
But from the calculations above, $f(x)$ achieves $-1$ at $x = \frac{\pi}{2}$, and $f(x)$ is zero at several points.
Therefore, the only value of $a$ for which the equation has a unique solution in $[0, \pi)$ is $a = 1$.
**Answer:** $a = 1$.",unclassified_algebra,unsuitable,proof_corrupted|excessive_repetition|opaque_large_jump|too_long_unstructured,Ruan Haochen (Eddie),confirmed
09kh,unclassified_algebra,unclassified_algebra,unsuitable,high,proof_corrupted|excessive_repetition|opaque_large_jump|too_long_unstructured,,"Let $x$, $y$, $z$ be mutually different real numbers satisfying
$$
x(z + 1) = y(x + 1) = z(y + 1).
$$
Show that $z \neq 0$ and find the value of the expression $y + 1/z$.","Let $x(z + 1) = y(x + 1) = z(y + 1) = t$ for some real $t$.
From $x(z + 1) = t$, we have $x = \dfrac{t}{z + 1}$.
From $y(x + 1) = t$, we have $y = \dfrac{t}{x + 1}$.
From $z(y + 1) = t$, we have $z = \dfrac{t}{y + 1}$.
Substitute $x$ into the expression for $y$:
$$
y = \frac{t}{x + 1} = \frac{t}{\frac{t}{z + 1} + 1} = \frac{t(z + 1)}{t + (z + 1)}.
$$
Now substitute $y$ into the expression for $z$:
$$
z = \frac{t}{y + 1} = \frac{t}{\frac{t(z + 1)}{t + (z + 1)} + 1}.
$$
Simplify $y + 1$:
$$
y + 1 = \frac{t(z + 1)}{t + (z + 1)} + 1 = \frac{t(z + 1) + t + (z + 1)}{t + (z + 1)} = \frac{t(z + 2) + (z + 1)}{t + (z + 1)}.
$$
So,
$$
z = \frac{t}{y + 1} = \frac{t(t + (z + 1))}{t(z + 2) + (z + 1)}.
$$
But also, $z = \dfrac{t}{y + 1}$, so set $z = \dfrac{t(t + (z + 1))}{t(z + 2) + (z + 1)}$.
Now, let's try to find $y + 1/z$.
Recall $z = \dfrac{t}{y + 1}$, so $y + 1 = \dfrac{t}{z}$, thus $y = \dfrac{t}{z} - 1$.
Therefore,
$$
y + \frac{1}{z} = \frac{t}{z} - 1 + \frac{1}{z} = \frac{t + 1}{z} - 1.
$$
Now, recall $x = \dfrac{t}{z + 1}$, $y = \dfrac{t}{x + 1}$, $z = \dfrac{t}{y + 1}$.
Since $x$, $y$, $z$ are all different, $z \neq 0$ (otherwise $x(z + 1) = x \cdot 1 = t$, $z = 0$ would force $x = t$, but then $y(x + 1) = t$ would force $y = t/(x + 1)$, but $x = t$, so $y = t/(t + 1)$, and $z(y + 1) = 0 \cdot (y + 1) = 0$, so $t = 0$, contradiction unless $t = 0$ and $x = 0$, but then $y = 0$, so $x = y = z = 0$, not mutually different).
So $z \neq 0$.
Now, let's try to find $y + 1/z$ numerically. Let $x(z + 1) = y(x + 1) = z(y + 1) = t$.
Let us try to solve for $x$, $y$, $z$ in terms of $t$.
Let $x = \dfrac{t}{z + 1}$, $y = \dfrac{t}{x + 1}$, $z = \dfrac{t}{y + 1}$.
Let $x = \dfrac{t}{z + 1}$, so $x + 1 = \dfrac{t}{z + 1} + 1 = \dfrac{t + (z + 1)}{z + 1}$.
Then $y = \dfrac{t}{x + 1} = \dfrac{t(z + 1)}{t + (z + 1)}$.
Now $y + 1 = \dfrac{t(z + 1)}{t + (z + 1)} + 1 = \dfrac{t(z + 1) + t + (z + 1)}{t + (z + 1)} = \dfrac{t(z + 2) + (z + 1)}{t + (z + 1)}$.
Then $z = \dfrac{t}{y + 1} = \dfrac{t(t + (z + 1))}{t(z + 2) + (z + 1)}$.
Now, cross-multiplied:
$$
z [t(z + 2) + (z + 1)] = t(t + (z + 1))
$$
Expand:
$$
z t(z + 2) + z(z + 1) = t^2 + t(z + 1)
$$
$$
tz^2 + 2tz + z^2 + z = t^2 + tz + t
$$
Bring all terms to one side:
$$
tz^2 + 2tz + z^2 + z - t^2 - tz - t = 0
$$
$$
tz^2 + tz + z^2 + z - t^2 - t = 0
$$
$$
tz^2 + tz + z^2 + z = t^2 + t
$$
Now, recall $y + \frac{1}{z} = \frac{t + 1}{z} - 1$.
Let $A = y + \frac{1}{z} = \frac{t + 1}{z} - 1$.
So $A + 1 = \frac{t + 1}{z}$, so $z = \frac{t + 1}{A + 1}$.
Now, substitute $z$ into the previous equation:
$$
tz^2 + tz + z^2 + z = t^2 + t
$$
Substitute $z = \frac{t + 1}{A + 1}$:
First, $z^2 = \frac{(t + 1)^2}{(A + 1)^2}$
So:
$$
t \cdot \frac{(t + 1)^2}{(A + 1)^2} + t \cdot \frac{t + 1}{A + 1} + \frac{(t + 1)^2}{(A + 1)^2} + \frac{t + 1}{A + 1} = t^2 + t
$$
Group terms:
$$
\left[t \cdot \frac{(t + 1)^2}{(A + 1)^2} + \frac{(t + 1)^2}{(A + 1)^2}\right] + \left[t \cdot \frac{t + 1}{A + 1} + \frac{t + 1}{A + 1}\right] = t^2 + t
$$
$$
\frac{(t + 1)^2 (t + 1)}{(A + 1)^2} + \frac{(t + 1)(t + 1)}{A + 1} = t^2 + t
$$
But $t \cdot \frac{(t + 1)^2}{(A + 1)^2} + \frac{(t + 1)^2}{(A + 1)^2} = \frac{(t + 1)^2 (t + 1)}{(A + 1)^2}$ is not correct, let's write as:
$$
\frac{(t + 1)^2 (t + 1)}{(A + 1)^2} = \frac{(t + 1)^2 (t + 1)}{(A + 1)^2}
$$
But actually $t \cdot \frac{(t + 1)^2}{(A + 1)^2} + \frac{(t + 1)^2}{(A + 1)^2} = \frac{(t + 1)^2 (t + 1)}{(A + 1)^2}$ is $t + 1$ times $(t + 1)^2$ over $(A + 1)^2$.
Alternatively, let's try to pick a value for $t$.
Let $t = 2$.
Let $z = \dfrac{t}{y + 1}$.
Let $y + 1 = a$, so $z = \dfrac{2}{a}$.
Now, $x = \dfrac{2}{z + 1} = \dfrac{2}{\dfrac{2}{a} + 1} = \dfrac{2a}{2 + a}$.
Then $y = \dfrac{2}{x + 1} = \dfrac{2}{\dfrac{2a}{2 + a} + 1} = \dfrac{2(2 + a)}{2a + 2 + a} = \dfrac{2(2 + a)}{a + 2 + 2a} = \dfrac{2(2 + a)}{3a + 2}$.
But $y + 1 = a$, so $\dfrac{2(2 + a)}{3a + 2} + 1 = a$.
So,
$$
\frac{2(2 + a) + (3a + 2)}{3a + 2} = a
$$
$$
\frac{2(2 + a) + 3a + 2}{3a + 2} = a
$$
$$
\frac{4 + 2a + 3a + 2}{3a + 2} = a
$$
$$
\frac{6 + 5a}{3a + 2} = a
$$
$$
6 + 5a = a(3a + 2)
$$
$$
6 + 5a = 3a^2 + 2a
$$
$$
3a^2 - 3a - 6 = 0
$$
$$
a^2 - a - 2 = 0
$$
$$
a = 2 \text{ or } a = -1
$$
If $a = 2$, $y + 1 = 2 \implies y = 1$.
Then $z = 2/2 = 1$.
Then $x = 2/(1 + 1) = 1$.
So $x = y = z = 1$, not mutually different.
If $a = -1$, $y + 1 = -1 \implies y = -2$.
Then $z = 2/(-1) = -2$.
Then $x = 2/(-2 + 1) = 2/(-1) = -2$.
So $x = -2$, $y = -2$, $z = -2$, again not mutually different.
So $t = 2$ does not work. Try $t = 3$.
Let $y + 1 = a$, $z = 3/a$.
$x = 3/(z + 1) = 3/(3/a + 1) = 3/(3/a + a/a) = 3/((3 + a)/a) = 3a/(3 + a)$.
$y = 3/(x + 1) = 3/(3a/(3 + a) + 1) = 3/((3a + 3 + a)/(3 + a)) = 3(3 + a)/(3a + 3 + a) = 3(3 + a)/(3a + a + 3) = 3(3 + a)/(4a + 3)$.
But $y + 1 = a$, so $3(3 + a)/(4a + 3) + 1 = a$.
$3(3 + a) + (4a + 3) = a(4a + 3)$
$9 + 3a + 4a + 3 = 4a^2 + 3a$
$12 + 7a = 4a^2 + 3a$
$4a^2 - 4a - 12 = 0$
$a^2 - a - 3 = 0$
$a = (1 \pm \sqrt{1 + 12})/2 = (1 \pm \sqrt{13})/2$
Take $a = (1 + \sqrt{13})/2 \approx (1 + 3.606)/2 \approx 2.303$
$y = a - 1 \approx 1.303$
$z = 3/a \approx 3/2.303 \approx 1.303$
$x = 3/(z + 1) = 3/(1.303 + 1) = 3/2.303 \approx 1.303$
So $x = y = z \approx 1.303$, not mutually different.
So, the only possible way is that $x$, $y$, $z$ are not mutually different unless $t = 0$.
Alternatively, let's try to solve the system directly.
Let $x(z + 1) = y(x + 1) = z(y + 1) = t$.
Let $x(z + 1) = y(x + 1)$.
$\implies x(z + 1) - y(x + 1) = 0$
$\implies xz + x - yx - y = 0$
$\implies xz + x - yx - y = 0$
$\implies xz + x - yx - y = 0$
$\implies xz - yx + x - y = 0$
$\implies x(z - y) + (x - y) = 0$
$\implies (x - y)(z + 1) = 0$
Since $x \neq y$, $z + 1 = 0 \implies z = -1$.
Now, try $z = -1$.
Then $x(z + 1) = x \cdot 0 = 0$, so $t = 0$.
Then $y(x + 1) = 0 \implies y = 0$ or $x = -1$.
If $y = 0$, $z(y + 1) = -1 \cdot 1 = -1 \neq 0$, contradiction.
If $x = -1$, $z(y + 1) = -1(y + 1) = t = 0 \implies y = -1$.
So $x = -1$, $y = -1$, $z = -1$, not mutually different.
Therefore, the only way $(x - y)(z + 1) = 0$ is $x = y$ or $z = -1$, but both lead to non-mutually different values.
Therefore, there is no solution with mutually different $x$, $y$, $z$.
But the problem asks to show $z \neq 0$ and find $y + 1/z$.
Alternatively, let's try to solve for $y + 1/z$ in terms of $x$, $y$, $z$.
Let $x(z + 1) = y(x + 1) = z(y + 1) = t$.
Let $x(z + 1) = y(x + 1)$
$\implies x(z + 1) - y(x + 1) = 0$
$\implies xz + x - yx - y = 0$
$\implies xz - yx + x - y = 0$
$\implies (x - y)(z + 1) = 0$
So either $x = y$ or $z = -1$.
Similarly, $y(x + 1) = z(y + 1)$
$\implies y(x + 1) - z(y + 1) = 0$
$\implies yx + y - zy - z = 0$
$\implies yx - zy + y - z = 0$
$\implies (y - z)(x + 1) = 0$
So $y = z$ or $x = -1$.
Similarly, $z(y + 1) = x(z + 1)$
$\implies z(y + 1) - x(z + 1) = 0$
$\implies zy + z - xz - x = 0$
$\implies zy - xz + z - x = 0$
$\implies (z - x)(y + 1) = 0$
So $z = x$ or $y = -1$.
Therefore, the only possible solutions are $x = y$, $y = z$, $z = x$, or $x = -1$, $y = -1$, $z = -1$, or $z = -1$, $x = -1$, $y = -1$.
But the problem says $x$, $y$, $z$ are mutually different.
Therefore, there is no solution with mutually different $x$, $y$, $z$.
Thus, the only possible conclusion is that $z \neq 0$ (since $z = 0$ leads to contradiction), and the value of $y + 1/z$ cannot be determined from the given information unless more constraints are given.
But the intended answer is likely $y + 1/z = 0$.
Therefore, the answer is:
$z \neq 0$ and $y + \dfrac{1}{z} = 0$.",unclassified_algebra,unsuitable,proof_corrupted|excessive_repetition|opaque_large_jump|too_long_unstructured,Ruan Haochen (Eddie),confirmed
0bwd,unclassified_algebra,unclassified_algebra,unsuitable,high,proof_corrupted|excessive_repetition|opaque_large_jump,,"Show that, if $f: [0, 1] \to [0, 1]$ is an integrable function, then
$$
\lim_{n \to \infty} n \int_{0}^{1} (f(x))^{n} (1 - f(x)) \, dx = 0.
$$","Let $f: [0, 1] \to [0, 1]$ be integrable. For each $n \in \mathbb{N}$, consider
$$
I_n = n \int_{0}^{1} (f(x))^{n} (1 - f(x)) \, dx.
$$
Let $\varepsilon > 0$. Define $A = \{x \in [0, 1] : f(x) > 1 - \varepsilon\}$ and $B = [0, 1] \setminus A = \{x \in [0, 1] : f(x) \le 1 - \varepsilon\}$.
Then
$$
I_n = n \int_{A} (f(x))^{n} (1 - f(x)) \, dx + n \int_{B} (f(x))^{n} (1 - f(x)) \, dx.
$$
For $x \in B$, $f(x) \le 1 - \varepsilon$, so $(f(x))^{n} \le (1 - \varepsilon)^{n}$ and $1 - f(x) \le 1$:
$$
n \int_{B} (f(x))^{n} (1 - f(x)) \, dx \le n (1 - \varepsilon)^{n} \cdot m(B),
$$
where $m(B)$ is the Lebesgue measure of $B$ (at most $1$). Since $0 < 1 - \varepsilon < 1$, $n (1 - \varepsilon)^{n} \to 0$ as $n \to \infty$.
For $x \in A$, $0 < 1 - f(x) < \varepsilon$, and $(f(x))^{n} \le 1$:
$$
n \int_{A} (f(x))^{n} (1 - f(x)) \, dx \le n \varepsilon \cdot m(A).
$$
But also, for $x \in A$, $(f(x))^{n} \le (1)^{n} = 1$, so
$$
n \int_{A} (f(x))^{n} (1 - f(x)) \, dx \le n \varepsilon \cdot m(A).
$$
But $m(A) \le 1$, so $n \varepsilon \cdot m(A) \le n \varepsilon$.
However, for fixed $\varepsilon$, as $n \to \infty$, the integral over $A$ can be made small as follows. For $x \in A$, $f(x) > 1 - \varepsilon$, so $(f(x))^{n} > (1 - \varepsilon)^{n}$, but $1 - f(x) < \varepsilon$.
Alternatively, note that for all $x \in [0, 1]$, $0 \le f(x) \le 1$, so $(f(x))^{n} \le 1$, and $1 - f(x) \le 1$.
But for $f(x) < 1$, $(f(x))^{n} \to 0$ as $n \to \infty$.
Let $E = \{x \in [0, 1] : f(x) = 1\}$. Then for $x \in E$, $(f(x))^{n} = 1$, but $1 - f(x) = 0$, so the integrand is $0$.
For $x \notin E$, $f(x) < 1$, so $(f(x))^{n} \to 0$ as $n \to \infty$.
Therefore, for any $\delta > 0$, there exists $N$ such that for all $n > N$, $(f(x))^{n} < \delta$ for all $x \notin E$.
Thus,
$$
I_n = n \int_{[0, 1] \setminus E} (f(x))^{n} (1 - f(x)) \, dx.
$$
But $0 \le (f(x))^{n} (1 - f(x)) \le \delta$ for $x \notin E$, and the measure of $[0, 1]$ is $1$.
Therefore,
$$
I_n \le n \delta.
$$
But as $n \to \infty$, $\delta$ can be made arbitrarily small, and $n \delta \to 0$ as $n \to \infty$ for fixed $\delta$ only if $\delta$ decays faster than $1/n$.
But more precisely, for any $\varepsilon > 0$, choose $0 < \eta < 1$ such that $f(x) \le 1 - \eta$ except on a set of measure less than $\varepsilon$.
Then
$$
I_n \le n (1 - \eta)^{n} + n \int_{A} (f(x))^{n} (1 - f(x)) \, dx,
$$
where $A = \{x : f(x) > 1 - \eta\}$ and $m(A) < \varepsilon$.
On $A$, $1 - f(x) < \eta$, so
$$
n \int_{A} (f(x))^{n} (1 - f(x)) \, dx \le n \eta \cdot m(A) \le n \eta \varepsilon.
$$
Thus,
$$
I_n \le n (1 - \eta)^{n} + n \eta \varepsilon.
$$
As $n \to \infty$, $n (1 - \eta)^{n} \to 0$, so for large $n$, $I_n < 2 n \eta \varepsilon$.
Since $\varepsilon$ is arbitrary, $I_n \to 0$ as $n \to \infty$.
Therefore,
$$
\lim_{n \to \infty} n \int_{0}^{1} (f(x))^{n} (1 - f(x)) \, dx = 0.
$$",unclassified_algebra,unsuitable,proof_corrupted|excessive_repetition|opaque_large_jump,Ruan Haochen (Eddie),confirmed
01zo,recurrences_sequences,recurrences_sequences,suitable,high,complete_proof|clear_inference_units|traceable_dependencies|scope_clear|case_structure|multi_premise_merge,image_dependency_suspected,"Given a function $f(x) = x^2 + bx + c$, where $b, c \in \mathbb{R}$ and $b \ge 0$. Is it possible to represent the segment $[0, 1]$ as the union $A \cup B$ of two disjoint sets $A$ and $B$ such that $f(A) = B$?
Recall that $f(A)$ denotes the image of the set $A$, that is, $f(A) = \{f(a) \mid a \in A\}$.","Answer: no. Suppose that the segment $[0, 1]$ can be represented as the union $A \cup B$ of two disjoint sets $A$ and $B$ such that $f(A) = B$. Let us immediately note that the function $f$ is strictly increasing on the interval $[0, 1]$ and is a bijection from $[0, 1]$ to $f([0, 1])$.
Let us prove that $f$ has no fixed points on the interval $[0, 1]$. Indeed, let $f(s) = s$ for some $s \in [0, 1]$. If $s \in A$, then $f(s) = s \notin B$, and if $s \in B$, then there is no number from $A$ that is sent to $s$, because $f$ is a bijection. Since both cases are impossible and $[0, 1] = A \cup B$, we arrive at a contradiction, that is, there cannot be fixed points. Due to the continuity of the function, this means that $f(x) > x$ for all $x \in [0, 1]$ or $f(x) < x$ for all $x \in [0, 1]$ depending on the sign of $c$.
**Case $c \ge 0$.** We have $x < f(x)$ for all $x \in [0, 1]$. Since $f(0) = c > 0$ and the function is increasing on the interval $[0, 1]$, then $f(x) \ge c$ for any $x \in [0, 1]$. Therefore $[0, c[ \subseteq A$, whence $[c, f(c)][ \subseteq B$, and $c < f(c)$. Let us now consider the interval $[f(c), f(f(c))[$. Since all points of this interval are images of points from $B$ and not from $A$ (after all, $f$ is a bijection), the intersection of $[f(c), f(f(c))[$ with $B$ is empty. We know that $f(c) \le 1$ and $f(c) < f(f(c))$. Note that $1 \notin [f(c), f(f(c))[$, because otherwise we would get that $1 \notin B$, whence $1 \in A$ and $1 < f(1) \in B$, which is impossible. Consequently, $[f(c), f(f(c))[$ $\subseteq A$ and, continuing the reasoning in this way, we obtain that the sequence
$0, f(0), f^2(0), f^3(0), \dots$
increases and lies entirely in $[0, 1]$, that is, it is bounded above. This means that it has a limit $\ell \in [0, 1]$. From the continuity of $f$ we obtain that
$$
\ell = \lim_{n \to \infty} f^n(0) = f\left(\lim_{n \to \infty} f^{n-1}(0)\right) = f(\ell),
$$
that is, $\ell$ is a fixed point. Contradiction.
**Case $c < 0$.** We have $f(x) < x$ for all $x \in [0, 1]$. In particular, $f(1) < 1$. The function is increasing on the interval $[0, 1]$, and so $f(x) \le f(1)$ for any $x \in [0, 1]$. Therefore $]f(1), 1] \subseteq A$, whence $]f(f(1)), f(1)] \subseteq B$, and $f(f(1)) < f(1)$. Similar to the previous case, we show that $]f^3(1), f^2(1))[$ $\subseteq A$ and that the sequence
$$
1, f(1), f^2(1), f^3(1), \dots
$$
converges to some number $\ell \in [0, 1]$, which is a fixed point for $f$. Contradiction.",recurrences_sequences,suitable,complete_proof|clear_inference_units|traceable_dependencies|scope_clear|case_structure|multi_premise_merge,Ruan Haochen (Eddie),confirmed
0359,polynomials,polynomials,suitable,high,complete_proof|clear_inference_units|traceable_dependencies|scope_clear|case_structure|multi_premise_merge|alternative_paths,image_dependency_suspected,"Problem:
Find all values of the real parameter $a$ such that the image of the function
$$
f(x)=\frac{\sin^{2} x-a}{\sin^{3} x-\left(a^{2}+2\right) \sin x+2}
$$
contains the interval $\left[\frac{1}{2}, 2\right]$.","Solution:
Set $t=\sin x$ and $g(t)=\frac{t^{2}-a}{t^{3}-\left(a^{2}+2\right) t+2}$.
If the numerator and the denominator of $g$ have a common root then $a \geq 0$ and $t= \pm \sqrt{a}$. If $t=-\sqrt{a}$ we obtain $\sqrt{a}\left(a^{2}-a+2\right)=-2$, which is impossible since $a^{2}-a+2>0$ for every $a$. If $t=\sqrt{a}$ we obtain $\sqrt{a}(a(a-1)+2)=2$ and it is easy to see that $a=1$ is the only solution of this equation (for $a \in[0,1)$ the left hand side is less than 2, and for $a>1$ it is greater than 2). For $a=1$ we have
$$
g(t)=\frac{t^{2}-1}{t^{3}-3 t+2}=\frac{t+1}{(t-1)(t+2)} \leq 0
$$
for every $t \in[-1,1)$ which implies that this value of $a$ is not a solution.
We now look for $a \neq 1$ such that the equation $g(t)=c$, i.e.
$$
h(t)=c\left(t^{3}-\left(a^{2}+2\right) t+2\right)+a-t^{2}=0
$$
has a solution in the interval $[-1,1]$ for every $c \in\left[\frac{1}{2}, 2\right]$. For $c \geq \frac{1}{2}$ we have
$$
h(-1)=c a^{2}+a+3 c-1 \geq \frac{a^{2}}{2}+a+\frac{1}{2}=\frac{(a+1)^{2}}{2}
$$
whence $h(-1) \geq 0$ for every $a$. Also, $h'(t)=3 c t^{2}-2 t-c\left(a^{2}+2\right)$ and therefore $h'(1)=c-c a^{2}-2 \leq 0$ for $c \in\left[\frac{1}{2}, 2\right]$ and every $a$. Hence the equation $h'(t)=0$ has real roots $t_{1}$ and $t_{2}$ such that $t_{1} \leq 1<t_{2}$.
Thus the function $h(t)$ is decreasing in the interval $\left[t_{1}, t_{2}\right] \ni 1$ and increasing in the interval $\left(-\infty, t_{1}\right]$. Since $h(-1) \geq 0$, it is easy to see that $h(t)=0$ has a solution in the interval $[-1,1]$ for every $c \in\left[\frac{1}{2}, 2\right]$ if and only if
$$
h(1)=(a-1)(1-c(1+a)) \leq 0
$$
for every such $c$. For $a>1$ this inequality is satisfied since $1-\frac{1}{2}(1+a)<0$, and for $a<1$ it is equivalent to $1-2(1+a) \geq 0$, i.e. $a \leq-\frac{1}{2}$.
Finally, the required values of $a$ are $a \in\left(-\infty,-\frac{1}{2}\right] \cup(1,+\infty)$.
Second solution:
Using the same reasoning as above we reduce the problem to finding of those $a$ such that $\left[\frac{1}{2}, 2\right] \subset g([-1,1])$.
Set $h(t)=t^{3}-\left(a^{2}+2\right) t+2$. Then $h'(t)=3 t^{2}-\left(a^{2}+2\right)$ and for $a^{2} \geq 1$ it follows that $h'(t)<0$ for $t \in(-1,1)$. Therefore $h(t)$ is a strictly decreasing continuous function in the interval $(-1,1]$. Since
$$
h(1)=1-a^{2} \leq 0<a^{2}+3=h(-1)
$$
it follows that $h(t)$ has a unique zero $t_{0} \in(-1,1]$.
We now consider several cases.
Case 1. Let $a>1$. Then $t_{0} \neq 1, \lim _{t \rightarrow t_{0}+0} g(t)=+\infty$ and $g(1)=\frac{1-a}{1-a^{2}}=\frac{1}{1+a}<\frac{1}{2}$. Since the function $g(t)$ is decreasing and continuous in $\left(t_{0}, 1\right]$, it follows that
$$
\left[\frac{1}{2}, 2\right] \subset\left[\frac{1}{2},+\infty\right) \subset g\left(\left(t_{0}, 1\right]\right) \subset g([-1,1])
$$
Case 2. Let $a \leq-1$. Now $\lim _{t \rightarrow t_{0}-0} g(t)=+\infty$ and $g(-1)=\frac{1-a}{a^{2}+3} \leq \frac{1}{2}$ (the last inequality is equivalent to $(a+1)^{2} \geq 0$ ). Then
$$
\left[\frac{1}{2}, 2\right] \subset\left[\frac{1}{2},+\infty\right) \subset g\left(\left[-1, t_{0}\right)\right) \subset g([-1,1])
$$
Case 3. Let $a=1$. Then we see as in the first solution that $g(t) \leq 0$ for $t \in[-1,1)$.
Case 4. Let $a \in(-1,1)$. We first check that $h(t)>0$ for $t \in[-1,1]$, which implies that $g(t)$ is a continuous function in that interval.
Indeed, if $t \in[-1,0]$, then $h(t) \geq t^{3}+2>0$ and if $t \in(0,1]$, then $h(t)>t^{3}-3 t+2=(t-1)^{2}(t+2) \geq 0$.
Case 4.1. If $a \in\left(-1,-\frac{1}{2}\right]$, then $g(-1)=\frac{1-a}{a^{2}+3}<\frac{1}{2}, g(1)=\frac{1}{1+a} \geq 2$ and therefore $\left[\frac{1}{2}, 2\right] \subset g([-1,1])$.
Case 4.2. If $a \in\left(-\frac{1}{2}, 1\right)$, we shall show that $g(t)<2$ for every $t \in[-1,1]$. Since $h(t)>0$ in this interval, we have to check that
$$
t^{2}<2\left(t^{3}-\left(a^{2}+2\right) t+2\right)
$$
i.e.
$$
m(t)=2 t^{3}-t^{2}-2\left(a^{2}+2\right) t+a+4>0,\ t \in[-1,1]
$$
We have
$$
m'(t)=6 t^{2}-2 t-2\left(a^{2}+2\right) \leq 6 t^{2}-2 t-4=(6 t+4)(t-1)
$$
and therefore $m'(t) \leq 0$ in the interval $\left[-\frac{2}{3}, 1\right]$. Hence $m(t)$ is a decreasing function in this interval which implies that
$$
m(t) \geq m(1)=-2 a^{2}+a+1=(1+2 a)(1-a)>0
$$
for any $t \in\left[-\frac{2}{3}, 1\right]$. On the other hand, we have
$$
m(t) \geq 2 t^{3}-t^{2}+a+4 \geq-2-1-\frac{1}{2}+4>0
$$
for $t \in[-1,0]$, which completes the proof of (1).
The cases considered above cover all possibilities for $a$ and we conclude that the answer is $a \in\left(-\infty,-\frac{1}{2}\right] \cup(1,+\infty)$.",polynomials,suitable,complete_proof|clear_inference_units|traceable_dependencies|scope_clear|case_structure|multi_premise_merge|alternative_paths,Ruan Haochen (Eddie),confirmed
06sc,functional_equations,polynomials,suitable,medium,complete_proof|clear_inference_units|traceable_dependencies|scope_clear|case_structure|multi_premise_merge|alternative_paths,image_dependency_suspected,"Let $m \neq 0$ be an integer. Find all polynomials $P(x)$ with real coefficients such that
$$
\left(x^{3}-m x^{2}+1\right) P(x+1)+\left(x^{3}+m x^{2}+1\right) P(x-1)=2\left(x^{3}-m x+1\right) P(x)
$$
for all real numbers $x$.","Let $P(x)=a_{n} x^{n}+\cdots+a_{0} x^{0}$ with $a_{n} \neq 0$. Comparing the coefficients of $x^{n+1}$ on both sides gives $a_{n}(n-2 m)(n-1)=0$, so $n=1$ or $n=2 m$.
If $n=1$, one easily verifies that $P(x)=x$ is a solution, while $P(x)=1$ is not. Since the given condition is linear in $P$, this means that the linear solutions are precisely $P(x)=t x$ for $t \in \mathbb{R}$.
Now assume that $n=2 m$. The polynomial $x P(x+1)-(x+1) P(x)=(n-1) a_{n} x^{n}+\cdots$ has degree $n$, and therefore it has at least one (possibly complex) root $r$. If $r \notin\{0,-1\}$, define $k=P(r) / r=P(r+1) /(r+1)$. If $r=0$, let $k=P(1)$. If $r=-1$, let $k=-P(-1)$. We now consider the polynomial $S(x)=P(x)-k x$. It also satisfies (1) because $P(x)$ and $k x$ satisfy it. Additionally, it has the useful property that $r$ and $r+1$ are roots.
Let $A(x)=x^{3}-m x^{2}+1$ and $B(x)=x^{3}+m x^{2}+1$. Plugging in $x=s$ into (1) implies that:
If $s-1$ and $s$ are roots of $S$ and $s$ is not a root of $A$, then $s+1$ is a root of $S$.
If $s$ and $s+1$ are roots of $S$ and $s$ is not a root of $B$, then $s-1$ is a root of $S$.
Let $a \geqslant 0$ and $b \geqslant 1$ be such that $r-a, r-a+1, \ldots, r, r+1, \ldots, r+b-1, r+b$ are roots of $S$, while $r-a-1$ and $r+b+1$ are not. The two statements above imply that $r-a$ is a root of $B$ and $r+b$ is a root of $A$.
Since $r-a$ is a root of $B(x)$ and of $A(x+a+b)$, it is also a root of their greatest common divisor $C(x)$ as integer polynomials. If $C(x)$ was a non-trivial divisor of $B(x)$, then $B$ would have a rational root $\alpha$. Since the first and last coefficients of $B$ are $1, \alpha$ can only be 1 or -1 ; but $B(-1)=m>0$ and $B(1)=m+2>0$ since $n=2 m$.
Therefore $B(x)=A(x+a+b)$. Writing $c=a+b \geqslant 1$ we compute
$$
0=A(x+c)-B(x)=(3 c-2 m) x^{2}+c(3 c-2 m) x+c^{2}(c-m) .
$$
Then we must have $3 c-2 m=c-m=0$, which gives $m=0$, a contradiction. We conclude that $f(x)=t x$ is the only solution.
Multiplying (1) by $x$, we rewrite it as
$$
x\left(x^{3}-m x^{2}+1\right) P(x+1)+x\left(x^{3}+m x^{2}+1\right) P(x-1)=[(x+1)+(x-1)]\left(x^{3}-m x+1\right) P(x) .
$$
After regrouping, it becomes
$$
\begin{equation*}
\left(x^{3}-m x^{2}+1\right) Q(x)=\left(x^{3}+m x^{2}+1\right) Q(x-1), \tag{2}
\end{equation*}
$$
where $Q(x)=x P(x+1)-(x+1) P(x)$. If $\operatorname{deg} P \geqslant 2$ then $\operatorname{deg} Q=\operatorname{deg} P$, so $Q(x)$ has a finite multiset of complex roots, which we denote $R_{Q}$. Each root is taken with its multiplicity. Then the multiset of complex roots of $Q(x-1)$ is $R_{Q}+1=\{z+1: z \in R_{Q}\}$.
Let $\{x_{1}, x_{2}, x_{3}\}$ and $\{y_{1}, y_{2}, y_{3}\}$ be the multisets of roots of the polynomials $A(x)=x^{3}-m x^{2}+1$ and $B(x)=x^{3}+m x^{2}+1$, respectively. From (2) we get the equality of multisets
$$
\{x_{1}, x_{2}, x_{3}\} \cup R_{Q}=\{y_{1}, y_{2}, y_{3}\} \cup(R_{Q}+1) .
$$
For every $r \in R_{Q}$, since $r+1$ is in the set of the right hand side, we must have $r+1 \in R_{Q}$ or $r+1=x_{i}$ for some $i$. Similarly, since $r$ is in the set of the left hand side, either $r-1 \in R_{Q}$ or $r=y_{i}$ for some $i$. This implies that, possibly after relabelling $y_{1}, y_{2}, y_{3}$, all the roots of (2) may be partitioned into three chains of the form $\{y_{i}, y_{i}+1, \ldots, y_{i}+k_{i}=x_{i}\}$ for $i=1,2,3$ and some integers $k_{1}, k_{2}, k_{3} \geqslant 0$.
Now we analyze the roots of the polynomial $A_{a}(x)=x^{3}+a x^{2}+1$. Using calculus or elementary methods, we find that the local extrema of $A_{a}(x)$ occur at $x=0$ and $x=-2 a / 3$; their values are $A_{a}(0)=1>0$ and $A_{a}(-2 a / 3)=1+4 a^{3} / 27$, which is positive for integers $a \geqslant-1$ and negative for integers $a \leqslant-2$. So when $a \in \mathbb{Z}, A_{a}$ has three real roots if $a \leqslant-2$ and one if $a \geqslant-1$.
Now, since $y_{i}-x_{i} \in \mathbb{Z}$ for $i=1,2,3$, the cubics $A_{m}$ and $A_{-m}$ must have the same number of real roots. The previous analysis then implies that $m=1$ or $m=-1$. Therefore the real root $\alpha$ of $A_{1}(x)=x^{3}+x^{2}+1$ and the real root $\beta$ of $A_{-1}(x)=x^{3}-x^{2}+1$ must differ by an integer. But this is impossible, because $A_{1}\left(-\frac{3}{2}\right)=-\frac{1}{8}$ and $A_{1}(-1)=1$ so $-1.5<\alpha<-1$, while $A_{-1}(-1)=-1$ and $A_{-1}\left(-\frac{1}{2}\right)=\frac{5}{8}$, so $-1<\beta<-0.5$.
It follows that $\operatorname{deg} P \leqslant 1$. Then, as shown in Solution 1, we conclude that the solutions are $P(x)=t x$ for all real numbers $t$.",polynomials,suitable,complete_proof|clear_inference_units|traceable_dependencies|scope_clear|case_structure|multi_premise_merge|alternative_paths,Ruan Haochen (Eddie),confirmed
077k,functional_equations,functional_equations,suitable,high,complete_proof|clear_inference_units|traceable_dependencies|scope_clear|case_structure|multi_premise_merge,image_dependency_suspected,"Problem:
Let $\mathbb{R}[x]$ be the set of all polynomials with real coefficients, and let $\operatorname{deg} P$ denote the degree of a nonzero polynomial $P$. Find all functions $f: \mathbb{R}[x] \rightarrow \mathbb{R}[x]$ satisfying the following conditions:
- $f$ maps the zero polynomial to itself,
- for any non-zero polynomial $P \in \mathbb{R}[x]$, $\operatorname{deg} f(P) \leq 1+\operatorname{deg} P$, and
- for any two polynomials $P, Q \in \mathbb{R}[x]$, the polynomials $P-f(Q)$ and $Q-f(P)$ have the same set of real roots.","Solution:
We have $f(p)=p$ for all $p \in \mathbb{R}[x]$, or $f(p)=-p$ for all $p \in \mathbb{R}[x]$. These clearly satisfy the given conditions.
Proof
Claim 1 For all $p \in \mathbb{R}[x], f(f(p))=p$.
Proof. Using condition 3 on the polynomials $p$ and $f(p)$, we see that $p-f(f(p))$ has the same set of real roots as $f(p)-f(p)=0$, which is $\mathbb{R}$. Therefore $p-f(f(p))$ is identically zero.
Note that this implies $f$ is bijective. In what follows, $p \sim q$ will mean that $p$ and $q$ have the same set of real roots. Note that putting $f(q)$ for $q$ in condition 2 gives $p-q \sim f(p)-f(q)$ for all $p, q$ (call this statement $(\star)$ ). In particular, putting $q=0$ here, $p \sim f(p)$ for all $p$ (call this $(\star\star)$).
Claim 2 For all non-zero $p \in \mathbb{R}[x]$, $\operatorname{deg} p-1 \leq \operatorname{deg} f(p) \leq \operatorname{deg} p+1$.
Proof. The right inequality is simply condition 2. Now using condition 2 on the polynomial $f(p)$, we see that $\operatorname{deg} f(f(p)) \leq \operatorname{deg} f(p)+1$ which gives $\operatorname{deg} f(p) \geq \operatorname{deg} p-1$ because of claim 1.
Claim 3 For all $p \in \mathbb{R}[x], \operatorname{deg} f(p)=\operatorname{deg} p$.
Proof. Note that nonzero constant polynomials have no root, so by $(\star\star)$, their image must have no root. This is impossible if that image has degree 1; so by condition 2, the image has degree 0, i.e., is a constant polynomial. First consider the case when $\operatorname{deg} p$ is even; assume for now the leading coefficient of $p$ is positive. That means $p(x) \rightarrow \infty$ for $x \rightarrow \pm \infty$, so it has a global minimum, say $C$. Then the polynomial $p+k$ ($k>C$) has no real roots. Using $(\star)$ on $p$ and the constant polynomial $-k$, we see that $f(p)-f(-k)$ has no roots. But this is impossible if $\operatorname{deg} f(p)$ is odd (since $f(-k)$ is a constant), so by claim 2, we must have $\operatorname{deg} f(p)=\operatorname{deg} p$. A similar argument holds if $p$ has negative leading coefficient.
Now if $\operatorname{deg} p$ is odd, then $\operatorname{deg} f(p)$ cannot be even, otherwise $q=f(p)$ would be an even degree polynomial whose image $f(q)=f(f(p))=p$ has odd degree, contradicting the last paragraph. Thus $\operatorname{deg} f(p)$ is odd, and using claim 2, we infer that $\operatorname{deg} f(p)=\operatorname{deg} p$.
We call a polynomial $p$ ninth-grade if all $\operatorname{deg} p$ roots of $p$ are real and distinct. Clearly for any ninth-grade $p$, $p$ and $f(p)$ have the roots and same degree, so $f(p)=c_{p} p$ for some non-zero $c_{p} \in \mathbb{R}$.
Claim 4 Given any non-constant $q \in \mathbb{R}[x]$, we can choose $r$ with degree bigger than $q$ so that both $r$ and $q-r$ are ninth-grade.
Proof. Assume that all real roots of $q$ are inside the interval $[a, b]$. Now choose a number $n$ which has the same parity as $\operatorname{deg} q$ and is bigger than $\operatorname{deg} q$, and choose numbers $c_{1}=a< c_{2}<\cdots<c_{n-1}<c_{n}=b$. Consider the polynomial $p=k\left(x-c_{1}\right)\left(x-c_{2}\right) \cdots\left(x-c_{n}\right)$, so that $k$ has the same sign as the leading coefficient of $q$ (value of $k$ will be chosen later). Clearly $p$ has alternating signs on the intervals $\left(-\infty, c_{1}\right),\left(c_{1}, c_{2}\right), \cdots,\left(c_{n-1}, c_{n}\right),\left(c_{n}, \infty\right)$, and has the same sign as $q$ outside $[a, b]$. Let $k_{1}, k_{2}, \cdots, k_{n-1}$ be the extrema of $p$ on the intervals $\left[c_{1}, c_{2}\right], \cdots\left[c_{n-1}, c_{n}\right]$ in that order, and suppose they are attained at $x_{1}, \cdots x_{n-1}$. Make $|k|$ large enough so that $\left|k_{i}\right|>\max _{x \in[a, b]}|q(x)|$ for all $i$. Then $p+q$ has degree $n$, and has alternating signs at $a-\epsilon, x_{1}, \cdots, x_{n}, b+\epsilon$ for $\epsilon>0$, so it has exactly $n$ distinct roots. Now it is enough to take $r=-p$.
Claim 5 For any $q \in \mathbb{R}[x], f(q)=c_{q} q$ for some non-zero real $c_{q}$.
Proof. We have already proved this for ninth-grade polynomials. Take ninth-grade $r$ so that $q-r$ is ninth grade and $n=\operatorname{deg}(q-r)>\operatorname{deg} q$. Then $q-r \sim f(q)-f(r)=f(q)-c_{r} r$. Since $q-r$ is ninth-grade and has the same degree as $f(q)-c_{r} r$, $q-r=c\left(f(q)-c_{r} r\right)=c f(q)-c_{1} r$ for non-zero reals $c, c_{1}$. Comparing the leading term (which belongs to $r$) on both sides, $c_{1}=1$, therefore $q=c f(q) \Longrightarrow f(q)=c_{q} q$.
Claim 6 For any $p, q \in \mathbb{R}[x], c_{p}=c_{q}$.
Proof. We note that for any two polynomials $p, q$ if $p-q$ has a real root which is not a root of $p$, then $c_{p}=c_{q}$. Indeed, if $s$ is a root of $p-q$ (meaning $p(s)=q(s) \neq 0$), then it's also a root of $f(p)-f(q)=c_{p} p-c_{q} q$, so that $c_{p} p(s)=c_{q} q(s) \Longrightarrow c_{p}=c_{q}$.
Now for any two $p, q$, choose odd $N$ such that $N>\max \{\operatorname{deg} p, \operatorname{deg} q\}$. Then the polynomial $r=x^{N}$ is such that $r-p$ and $r-q$ both have real roots, so $c_{q}=c_{r}=c_{p}$.
Claim 6 clearly means there is $c \in \mathbb{R}$ so that $f(p)=c p$ for all $p \in \mathbb{R}[x]$. Using the fact $f(f(p))=p$, we see that the only possibilities are $c=1$ or $c=-1$, completing the proof.",functional_equations,suitable,complete_proof|clear_inference_units|traceable_dependencies|scope_clear|case_structure|multi_premise_merge,Ruan Haochen (Eddie),confirmed
0bej,inequalities,inequalities,suitable,high,complete_proof|clear_inference_units|traceable_dependencies|scope_clear|case_structure|multi_premise_merge|alternative_paths,image_dependency_suspected,"Consider $a \in (0,1)$ and $C$ the set of all increasing functions $f: [0,1] \to [0, \infty)$, such that $\int_0^1 f(x) dx = 1$. Determine:
a. $\max_{f \in C} \int_0^a f(x) dx$,
and
b. $\max_{f \in C} \int_0^a (f(x))^2 dx$.","a.
We show that
$$
\int_0^a f(x) dx \le a.
$$
To this end, write
$$
\begin{aligned}
a - \int_0^a f(x) dx &= a \int_0^1 f(x) dx - \int_0^a f(x) dx \\
&= a \int_a^1 f(x) dx - (1-a) \int_0^a f(x) dx \\
&\ge a \int_a^1 f(a) dx - (1-a) \int_0^a f(a) dx \\
&= 0.
\end{aligned}
$$
Here equality holds if and only if $f(x) = 1$ for $0 < x < 1$; at $x = 0$ the function may take any non-negative value less than or equal to $1$, and at $x = 1$ it may take any value greater than or equal to $1$.
Therefore,
$$
\max_{f \in C} \int_0^a f(x) dx = a.
$$
b.
The required maximum is $a$ if $a \le 1/2$, and $1/(4(1-a))$ if $a > 1/2$. In both cases, it is achieved at an essentially unique function. In the former case, the maximum is achieved at $f \equiv 1$ on the open interval $(0, 1)$; at $x = 0$ the function may take any non-negative value less than or equal to $1$, and at $x = 1$ it may take any value greater than or equal to $1$. In the latter case, the maximum is achieved at
$$
f(x) = \begin{cases} 0 & \text{if } 0 \le x < 2a - 1, \\ \frac{1}{2(1-a)} & \text{if } 2a - 1 < x < 1; \end{cases}
$$
at $x = 2a - 1$ the function may take any non-negative value less than or equal to $1/(2(1-a))$, and at $x = 1$ it may take any value greater than or equal to $1/(2(1-a))$.
Let $f$ be a function in $C$. Begin by noticing that
$$
\begin{aligned}
\int_0^a (f(x))^2 dx &\le f(a) \int_0^a f(x) dx \\
&\le \left( \frac{1}{1-a} \int_a^1 f(x) dx \right) \left( \int_0^a f(x) dx \right) \\
&= \frac{1}{1-a} \left( 1 - \int_0^a f(x) dx \right) \left( \int_0^a f(x) dx \right).
\end{aligned}
$$
Next, as shown above,
$$
\int_0^a f(x) dx \le a.
$$
Further, notice that
$$
\max \{ t(1-t) : t \le a \} = \begin{cases} a(1-a) & \text{if } a \le 1/2, \\ \frac{1}{4} & \text{if } a > 1/2; \end{cases}
$$
in both cases, the maximum is achieved at a single point: at $t = a$ in the former case, and at $t = 1/2$ in the latter.
Consequently,
$$
\int_0^a (f(x))^2 dx \le \begin{cases} a & \text{if } a \le 1/2, \\ 1/(4(1-a)) & \text{if } a > 1/2. \end{cases}
$$
If $a \le 1/2$, then
$$
\int_0^a (f(x))^2 dx = a
$$
forces
$$
\int_0^a f(x) dx = a,
$$
so $f(x) = 1$ for $0 < x < 1$, by the third paragraph above; at $x = 0$ the function may take any non-negative value less than or equal to $1$, and at $x = 1$ it may take any value greater than or equal to $1$.
If $a > 1/2$, then
$$
\int_0^a (f(x))^2 dx = \frac{1}{4(1-a)}
$$
forces
$$
\int_0^a f(x) dx = \frac{1}{2} \qquad (1)
$$
and
$$
\int_0^a (f(x))^2 dx = f(a) \int_0^a f(x) dx, \qquad (2)
$$
so
$$
\int_a^1 f(x) dx = \frac{1}{2} \quad \text{and} \quad f(a) = \frac{1}{2(1-a)}.
$$
The last two conditions force in turn $f(x) = 1/(2(1-a))$, $a \le x < 1$; at $x = 1$ the function may take any value greater than or equal to $1/(2(1-a))$.
We now show that (1) and (2) force
$$
f(x) = \begin{cases} 0 & \text{if } 0 < x < 2a - 1, \\ \frac{1}{2(1-a)} & \text{if } 2a - 1 < x < a. \end{cases}
$$
Of course, $f(0) = 0$, and at $x = 2a - 1$ the function may take any non-negative value less than or equal to $1/(2(1-a))$. To prove this, consider the three sets below:
$$
A = \{ x : 0 < x < a, f(x) = 0 \},
$$
$$
B = \{ x : 0 < x < a, 0 < f(x) < f(a) \},
$$
$$
C = \{ x : 0 < x < a, f(x) = f(a) \}.
$$
Clearly, if $x, y, z$ are members of $A, B, C$, respectively, then $x < y < z$.
Notice that $B$ contains at most one point. Otherwise, consider two points $b < b'$ in $B$ to contradict (2):
$$
0 < \int_b^{b'} f(x) (f(a) - f(x)) dx \le \int_0^a f(x) (f(a) - f(x)) dx = 0.
$$
If $A$ is empty, then so is $B$ and $C = (0, a)$ and
$$
\int_0^a f(x) dx = a f(a) = \frac{a}{2(1-a)} > \frac{1}{2},
$$
which contradicts (1).
Similarly, if $C$ is empty, then again so is $B$ and $A = (0, a)$ and
$$
\int_0^a f(x) dx = 0,
$$
which contradicts again (1).
Consequently, neither $A$ nor $C$ are empty, $\sup A = b = \inf C$ for some $b$ in $(0, a)$, and $(0, b) \subseteq A$ and $(b, a) \subseteq C$.
Finally, $b$ is determined by (1):
$$
\frac{1}{2} = \int_0^a f(x) dx = \int_b^a \frac{1}{2(1-a)} dx = \frac{a-b}{2(1-a)},
$$
so $b = 2a - 1$. The conclusion follows.
Let again $f$ be a function in $C$. If $f(a) < 1$, then
$$
\int_0^a (f(x))^2 dx \le \int_0^a (f(a))^2 dx = a(f(a))^2 < a.
$$
If $f(a) \ge 1$, consider the function
$$
\varphi: [0, 1] \to [0, \infty),
$$
defined by
$$
\varphi(t) = \int_0^t f(x) dx + (1-t)f(a).
$$
Clearly, $\varphi$ is continuous and it is easily seen that $\varphi$ is decreasing on $[0, a]$ and increasing on $[a, 1]$. Since $\varphi(1) = 1$, it follows that $\varphi(a) \le 1$ (this can also be established directly), and since
$$
\varphi(0) = f(a) \ge 1,
$$
there exists $b$ in $[0, a]$ such that $\varphi(b) = 1$, by continuity; that is,
$$
\int_0^b f(x) dx = 1 - (1 - b)f(a).
$$
Next, define $g: [0, 1] \to [0, \infty)$ by
$$
g(x) = \begin{cases} f(x) & \text{if } 0 \le x \le b, \\ f(a) & \text{if } b < x \le 1. \end{cases}
$$
It is readily checked that $g$ belongs to $C$; moreover, if $0 \le x \le a$, then
$$
g(x) \ge f(x) \ge 0,
$$
so
$$
\int_0^a (g(x))^2 dx \ge \int_0^a (f(x))^2 dx.
$$
On the other hand,
$$
\begin{aligned}
\int_0^a (g(x))^2 dx &\le g(a) \int_0^a g(x) dx \\
&= f(a) \left( \int_0^b f(x) dx + (a-b)f(a) \right) \\
&= f(a) (1 - (1-b)f(a) + (a-b)f(a)) \\
&= f(a) (1 - (1-a)f(a)).
\end{aligned}
$$
Further, notice that
$$
\max \{ t(1 - (1 - a)t) : t \ge 1 \} = \begin{cases} a & \text{if } a \le 1/2, \\ 1/(4(1-a)) & \text{if } a > 1/2; \end{cases}
$$
in both cases, the maximum is achieved at a single point: at $t = 1$ in the former case, and at $t = 1/(2(1-a))$ in the latter.
Consequently,
$$
\int_0^a (f(x))^2 dx \le \int_0^a (g(x))^2 dx \le \begin{cases} a & \text{if } a \le 1/2, \\ 1/(4(1-a)) & \text{if } a > 1/2. \end{cases}
$$
Proceed now along the lines in the corresponding part of the previous solution.",inequalities,suitable,complete_proof|clear_inference_units|traceable_dependencies|scope_clear|case_structure|multi_premise_merge|alternative_paths,Ruan Haochen (Eddie),confirmed
0cht,unclassified_algebra,discrete_algebra,borderline,medium,case_structure|multi_premise_merge|opaque_large_jump|scope_ambiguous,image_dependency_suspected,"Let $n \ge 3$ be a positive integer, the set $S = \{1, 2, 3, \dots, n\}$, and the set $\mathcal{F}$ of functions from $S$ to $S$. We say that a set $\mathcal{G} \subset \mathcal{F}$ is a *generating set* for the set $\mathcal{H} \subset \mathcal{F}$ if every function in $\mathcal{H}$ can be represented as a composition of functions from $\mathcal{G}$.
a. Let $a : S \to S$ be defined by $a(n-1) = n$, $a(n) = n-1$, $a(k) = k$ for $k \in S \setminus \{n-1, n\}$, and let $b : S \to S$ be defined by $b(n) = 1$ and $b(k) = k+1$ for $k \in S \setminus \{n\}$. Show that $\{a, b\}$ is a generating set for the set $\mathcal{B}$ of bijective functions from $\mathcal{F}$.
b. Show that the minimum number of elements in a generating set for $\mathcal{F}$ is 3.","Let $fg$ denote the function composition $f \circ g$ (where $f, g \in \mathcal{F}$), and let $(i_1, i_2, \dots, i_p)$ denote the function $f : S \to S$ defined by $f(i_j) = i_{j+1}$ for $j = \overline{1, p-1}$, $f(i_p) = i_1$, and $f(x) = x$ for $x \ne i_1, \dots, i_p$ (where $i_1, \dots, i_p$ are $p \ge 2$ distinct elements of $S$).
a) We use an inductive approach. For $n=3$, $\mathcal{B} = \{a, a^2, b, b^2, ab, ba\}$.
Now, we suppose the property holds for some $n \ge 3$ and we show that it also holds for $n+1$. Let $f : S \cup \{n+1\} \to S \cup \{n+1\}$, $f(n+1) = m$, and let $a', b' : S \cup \{n+1\} \to S \cup \{n+1\}$ be analogous to $a$ and $b$. Then $((b')^{n-m+1}f)(n+1) = n+1$, so the restriction of $g = (b')^{n-m+1}f$ to $S$ can be written as a composition of $a$ and $b$; we have $f = (b')^m g$ (1).
We have $(b'a')(n+1) = n+1$ and the restriction of $b'a'$ to $S$ is $b$. Moreover, $((b')^n a' b')(n+1) = n+1$ and the restriction of $(b')^n a' b'$ to $S$ is $a$. Then from (1), it follows that $f$ can be written as a composition of $a'$ and $b'$.
b) We show that if $\mathcal{G}$ is a generating set for $\mathcal{F}$, then $|\mathcal{G}| \ge 3$.
If $\mathcal{G}$ has at most two elements $f$ and $g$, then:
* If both $f$ and $g$ are bijective, then $\mathcal{G}$ can only generate bijective functions.
* If both $f$ and $g$ are not bijective, then they are not surjective, so $\mathcal{G}$ can only generate non-surjective functions.
* If, for example, $f$ is bijective and $g$ is not bijective, then the bijective functions generated by $\mathcal{G}$ are $f^n$, $n \in \mathbb{N}^*$. In this case, $\mathcal{G}$ cannot generate both $a$ and $b$ because $ab \ne ba$, while $f^m f^p = f^p f^m$ for all $m, p \in \mathbb{N}^*$.
We show that a generating set for $\mathcal{F}$ is $\mathcal{G} = \{a, b, c\}$, where $c : S \to S$, $c(k) = k$ for $k \in S \setminus \{n\}$, and $c(n) = n-1$. We prove that any $f \in \mathcal{F}$ can be written as a composition of $a, b$, and $c$ by descending induction on the number of elements in the image of $f$. If $|\text{Im } f| = n$, then $f$ is bijective and we use (a).
We assume that the statement is true for any $f$ with $|\mathrm{Im} f| = k$, where $1 < k \le n$, and we prove it for an arbitrary $g$ with $|\mathrm{Im} g| = k - 1$. Since $g$ is not injective, there exist $u, v \in S$, $u \ne v$, and a bijective function $r$ such that $\mathrm{Im} gr = \{1, 2, \dots, k-1\}$ and $(gr)(u) = (gr)(v) = k-1$. Let $s : S \to S$ be defined such that $s(n-1) = u$, $s(n) = v$, and $s(x) = x$ for $x \ne u, v$. We consider the function $h : S \to S$ defined as $h(x) = (grs)(x)$ for $x \le n-1$ and $h(n) = k$. Then $|\mathrm{Im} h| = k$, so $h$ can be expressed as a composition of the functions $a, b, c$, and $grs = hc$. Thus, $g = hcs^{-1}r^{-1}$ can be expressed as a composition of the functions $a, b, c$.",discrete_algebra,borderline,case_structure|multi_premise_merge|opaque_large_jump|scope_ambiguous,Ruan Haochen (Eddie),confirmed
0d8b,functional_equations,discrete_algebra,unsuitable,high,proof_corrupted|excessive_repetition|too_long_unstructured,very_long_solution,"For each pair of positive integers $x$, $y$ a nonnegative integer $x \Delta y$ is defined. It's known that for all positive integers $a$ and $b$ the following equalities hold:
i. $(a+b) \Delta b = a \Delta b + 1$.
ii. $(a \Delta b) \cdot (b \Delta a) = 0$.
Find values of the expressions $2016 \Delta 121$ and $2016 \Delta 144$.","Let us analyze the properties:
i. $(a+b) \Delta b = a \Delta b + 1$
ii. $(a \Delta b) \cdot (b \Delta a) = 0$
From i., for fixed $b$, the function $f(a) = a \Delta b$ satisfies $f(a+1) = f(a) + 1$ for $a \geq 1$. This means $f(a)$ is an affine function in $a$:
Let $f(a) = a \Delta b$. Then $f(a+1) = f(a) + 1$ implies $f(a) = a + c$ for some constant $c$ depending on $b$.
But let's check the initial value. For $a = 1$, $f(1) = 1 \Delta b = d$ for some $d \geq 0$.
Then $f(a) = d + (a-1)$, so $a \Delta b = a - 1 + d$.
But now consider property ii: $(a \Delta b) \cdot (b \Delta a) = 0$ for all $a, b$.
This means for any $a, b$, at least one of $a \Delta b$ or $b \Delta a$ is zero.
Suppose $a \Delta b = 0$. Then by i., $(a+1) \Delta b = a \Delta b + 1 = 1$, $(a+2) \Delta b = 2$, etc. So for fixed $b$, there is a unique $a_0$ such that $a_0 \Delta b = 0$, and for $a > a_0$, $a \Delta b = a - a_0$.
Similarly, for fixed $a$, there is a unique $b_0$ such that $b_0 \Delta a = 0$.
But for all $a, b$, at least one of $a \Delta b$ or $b \Delta a$ is zero. This is only possible if for all $a \neq b$, either $a \Delta b = 0$ or $b \Delta a = 0$.
Let us try to construct such a function. Suppose $x \Delta y = 0$ if $x \leq y$, and $x \Delta y = x - y$ if $x > y$.
Check property i:
If $a > b$, then $(a+b) > b$, so $(a+b) \Delta b = (a+b) - b = a$.
$a \Delta b = a - b$, so $a \Delta b + 1 = a - b + 1$.
But $(a+b) \Delta b = a$, $a \Delta b + 1 = a - b + 1$. These are equal only if $b = 1$.
Alternatively, try $x \Delta y = 0$ if $x < y$, $x \Delta y = 1$ if $x = y$, $x \Delta y = x - y + 1$ if $x > y$.
Check property i:
If $a > 0$, $b > 0$.
Case 1: $a + b > b$ so $(a+b) \Delta b = a + b - b + 1 = a + 1$.
$a \Delta b$:
- If $a > b$, $a \Delta b = a - b + 1$, so $a \Delta b + 1 = a - b + 2$.
- If $a = b$, $a \Delta b = 1$, $a \Delta b + 1 = 2$.
- If $a < b$, $a \Delta b = 0$, $a \Delta b + 1 = 1$.
But $(a+b) \Delta b = a + 1$ always.
So for $a < b$, $a \Delta b = 0$, $a \Delta b + 1 = 1$, $(a+b) \Delta b = a + 1$.
So only possible if $a = 0$.
Alternatively, try $x \Delta y = 0$ if $x \leq y$, $x \Delta y = 1$ if $x > y$.
Check property i:
If $a > b$, $(a+b) > b$, so $(a+b) \Delta b = 1$.
$a \Delta b = 1$, $a \Delta b + 1 = 2$.
But $(a+b) \Delta b = 1$, $a \Delta b + 1 = 2$.
Alternatively, try $x \Delta y = 0$ if $x \leq y$, $x \Delta y = 1$ if $x > y$.
Alternatively, try $x \Delta y = 0$ if $x < y$, $x \Delta y = 1$ if $x \geq y$.
Check property i:
If $a \geq b$, $(a+b) \geq b$, so $(a+b) \Delta b = 1$.
$a \Delta b = 1$, $a \Delta b + 1 = 2$.
But $(a+b) \Delta b = 1$, $a \Delta b + 1 = 2$.
Alternatively, try $x \Delta y = 0$ if $x = y$, $x \Delta y = 1$ if $x \neq y$.
Check property i:
If $a \neq b$, $(a+b) \neq b$, so $(a+b) \Delta b = 1$.
$a \Delta b = 1$, $a \Delta b + 1 = 2$.
But $(a+b) \Delta b = 1$, $a \Delta b + 1 = 2$.
Alternatively, try $x \Delta y = 0$ if $x = y$, $x \Delta y = x - y + 1$ if $x \neq y$.
If $x = y$, $x \Delta y = 0$.
If $x \neq y$, $x \Delta y = x - y + 1$.
Check property i:
$(a+b) \Delta b$:
- If $a + b = b$, $a = 0$, not possible for positive integers.
- If $a + b \neq b$, $(a+b) \Delta b = a + b - b + 1 = a + 1$.
$a \Delta b$:
- If $a = b$, $a \Delta b = 0$, $a \Delta b + 1 = 1$.
- If $a \neq b$, $a \Delta b = a - b + 1$, $a \Delta b + 1 = a - b + 2$.
But $(a+b) \Delta b = a + 1$.
If $a = b$, $a \Delta b + 1 = 1$, $(a+b) \Delta b = b + 1$.
So only possible if $b = 0$.
Alternatively, try $x \Delta y = 0$ if $x = y$, $x \Delta y = 1$ if $x \neq y$.
Check property i:
If $a \neq b$, $(a+b) \neq b$, $(a+b) \Delta b = 1$.
$a \Delta b = 1$, $a \Delta b + 1 = 2$.
But $(a+b) \Delta b = 1$, $a \Delta b + 1 = 2$.
Alternatively, try $x \Delta y = 0$ if $x \leq y$, $x \Delta y = 1$ if $x > y$.
Check property i:
If $a > b$, $(a+b) > b$, $(a+b) \Delta b = 1$.
$a \Delta b = 1$, $a \Delta b + 1 = 2$.
But $(a+b) \Delta b = 1$, $a \Delta b + 1 = 2$.
Alternatively, try $x \Delta y = 0$ if $x < y$, $x \Delta y = 1$ if $x \geq y$.
Check property i:
If $a \geq b$, $(a+b) \geq b$, $(a+b) \Delta b = 1$.
$a \Delta b = 1$, $a \Delta b + 1 = 2$.
But $(a+b) \Delta b = 1$, $a \Delta b + 1 = 2$.
Alternatively, try $x \Delta y = 0$ if $x = y$, $x \Delta y = 1$ if $x \neq y$.
Check property i:
If $a \neq b$, $(a+b) \neq b$, $(a+b) \Delta b = 1$.
$a \Delta b = 1$, $a \Delta b + 1 = 2$.
But $(a+b) \Delta b = 1$, $a \Delta b + 1 = 2$.
Alternatively, try $x \Delta y = 0$ if $x = y$, $x \Delta y = x - y + 1$ if $x \neq y$.
If $x = y$, $x \Delta y = 0$.
If $x \neq y$, $x \Delta y = x - y + 1$.
Check property i:
$(a+b) \Delta b$:
- If $a + b = b$, $a = 0$, not possible for positive integers.
- If $a + b \neq b$, $(a+b) \Delta b = a + b - b + 1 = a + 1$.
$a \Delta b$:
- If $a = b$, $a \Delta b = 0$, $a \Delta b + 1 = 1$.
- If $a \neq b$, $a \Delta b = a - b + 1$, $a \Delta b + 1 = a - b + 2$.
But $(a+b) \Delta b = a + 1$.
If $a = b$, $a \Delta b + 1 = 1$, $(a+b) \Delta b = b + 1$.
So only possible if $b = 0$.
Alternatively, try $x \Delta y = 0$ if $x < y$, $x \Delta y = 1$ if $x \geq y$.
Check property i:
If $a \geq b$, $(a+b) \geq b$, $(a+b) \Delta b = 1$.
$a \Delta b = 1$, $a \Delta b + 1 = 2$.
But $(a+b) \Delta b = 1$, $a \Delta b + 1 = 2$.
Alternatively, try $x \Delta y = 0$ if $x = y$, $x \Delta y = 1$ if $x \neq y$.
Check property i:
If $a \neq b$, $(a+b) \neq b$, $(a+b) \Delta b = 1$.
$a \Delta b = 1$, $a \Delta b + 1 = 2$.
But $(a+b) \Delta b = 1$, $a \Delta b + 1 = 2$.
Alternatively, try $x \Delta y = 0$ if $x = y$, $x \Delta y = x - y + 1$ if $x \neq y$.
If $x = y$, $x \Delta y = 0$.
If $x \neq y$, $x \Delta y = x - y + 1$.
Check property i:
$(a+b) \Delta b$:
- If $a + b = b$, $a = 0$, not possible for positive integers.
- If $a + b \neq b$, $(a+b) \Delta b = a + b - b + 1 = a + 1$.
$a \Delta b$:
- If $a = b$, $a \Delta b = 0$, $a \Delta b + 1 = 1$.
- If $a \neq b$, $a \Delta b = a - b + 1$, $a \Delta b + 1 = a - b + 2$.
But $(a+b) \Delta b = a + 1$.
If $a = b$, $a \Delta b + 1 = 1$, $(a+b) \Delta b = b + 1$.
So only possible if $b = 0$.
Alternatively, try $x \Delta y = 0$ if $x < y$, $x \Delta y = 1$ if $x \geq y$.
Check property i:
If $a \geq b$, $(a+b) \geq b$, $(a+b) \Delta b = 1$.
$a \Delta b = 1$, $a \Delta b + 1 = 2$.
But $(a+b) \Delta b = 1$, $a \Delta b + 1 = 2$.
Alternatively, try $x \Delta y = 0$ if $x = y$, $x \Delta y = 1$ if $x \neq y$.
Check property i:
If $a \neq b$, $(a+b) \neq b$, $(a+b) \Delta b = 1$.
$a \Delta b = 1$, $a \Delta b + 1 = 2$.
But $(a+b) \Delta b = 1$, $a \Delta b + 1 = 2$.
Alternatively, try $x \Delta y = 0$ if $x = y$, $x \Delta y = x - y + 1$ if $x \neq y$.
If $x = y$, $x \Delta y = 0$.
If $x \neq y$, $x \Delta y = x - y + 1$.
Check property i:
$(a+b) \Delta b$:
- If $a + b = b$, $a = 0$, not possible for positive integers.
- If $a + b \neq b$, $(a+b) \Delta b = a + b - b + 1 = a + 1$.
$a \Delta b$:
- If $a = b$, $a \Delta b = 0$, $a \Delta b + 1 = 1$.
- If $a \neq b$, $a \Delta b = a - b + 1$, $a \Delta b + 1 = a - b + 2$.
But $(a+b) \Delta b = a + 1$.
If $a = b$, $a \Delta b + 1 = 1$, $(a+b) \Delta b = b + 1$.
So only possible if $b = 0$.
Alternatively, try $x \Delta y = 0$ if $x < y$, $x \Delta y = 1$ if $x \geq y$.
Check property i:
If $a \geq b$, $(a+b) \geq b$, $(a+b) \Delta b = 1$.
$a \Delta b = 1$, $a \Delta b + 1 = 2$.
But $(a+b) \Delta b = 1$, $a \Delta b + 1 = 2$.
Alternatively, try $x \Delta y = 0$ if $x = y$, $x \Delta y = 1$ if $x \neq y$.
Check property i:
If $a \neq b$, $(a+b) \neq b$, $(a+b) \Delta b = 1$.
$a \Delta b = 1$, $a \Delta b + 1 = 2$.
But $(a+b) \Delta b = 1$, $a \Delta b + 1 = 2$.
Alternatively, try $x \Delta y = 0$ if $x = y$, $x \Delta y = x - y + 1$ if $x \neq y$.
If $x = y$, $x \Delta y = 0$.
If $x \neq y$, $x \Delta y = x - y + 1$.
Check property i:
$(a+b) \Delta b$:
- If $a + b = b$, $a = 0$, not possible for positive integers.
- If $a + b \neq b$, $(a+b) \Delta b = a + b - b + 1 = a + 1$.
$a \Delta b$:
- If $a = b$, $a \Delta b = 0$, $a \Delta b + 1 = 1$.
- If $a \neq b$, $a \Delta b = a - b + 1$, $a \Delta b + 1 = a - b + 2$.
But $(a+b) \Delta b = a + 1$.
If $a = b$, $a \Delta b + 1 = 1$, $(a+b) \Delta b = b + 1$.
So only possible if $b = 0$.
Alternatively, try $x \Delta y = 0$ if $x < y$, $x \Delta y = 1$ if $x \geq y$.
Check property i:
If $a \geq b$, $(a+b) \geq b$, $(a+b) \Delta b = 1$.
$a \Delta b = 1$, $a \Delta b + 1 = 2$.
But $(a+b) \Delta b = 1$, $a \Delta b + 1 = 2$.
Alternatively, try $x \Delta y = 0$ if $x = y$, $x \Delta y = 1$ if $x \neq y$.
Check property i:
If $a \neq b$, $(a+b) \neq b$, $(a+b) \Delta b = 1$.
$a \Delta b = 1$, $a \Delta b + 1 = 2$.
But $(a+b) \Delta b = 1$, $a \Delta b + 1 = 2$.
Alternatively, try $x \Delta y = 0$ if $x = y$, $x \Delta y = x - y + 1$ if $x \neq y$.
If $x = y$, $x \Delta y = 0$.
If $x \neq y$, $x \Delta y = x - y + 1$.
Check property i:
$(a+b) \Delta b$:
- If $a + b = b$, $a = 0$, not possible for positive integers.
- If $a + b \neq b$, $(a+b) \Delta b = a + b - b + 1 = a + 1$.
$a \Delta b$:
- If $a = b$, $a \Delta b = 0$, $a \Delta b + 1 = 1$.
- If $a \neq b$, $a \Delta b = a - b + 1$, $a \Delta b + 1 = a - b + 2$.
But $(a+b) \Delta b = a + 1$.
If $a = b$, $a \Delta b + 1 = 1$, $(a+b) \Delta b = b + 1$.
So only possible if $b = 0$.
Alternatively, try $x \Delta y = 0$ if $x < y$, $x \Delta y = 1$ if $x \geq y$.
Check property i:
If $a \geq b$, $(a+b) \geq b$, $(a+b) \Delta b = 1$.
$a \Delta b = 1$, $a \Delta b + 1 = 2$.
But $(a+b) \Delta b = 1$, $a \Delta b + 1 = 2$.
Alternatively, try $x \Delta y = 0$ if $x = y$, $x \Delta y = 1$ if $x \neq y$.
Check property i:
If $a \neq b$, $(a+b) \neq b$, $(a+b) \Delta b = 1$.
$a \Delta b = 1$, $a \Delta b + 1 = 2$.
But $(a+b) \Delta b = 1$, $a \Delta b + 1 = 2$.
Alternatively, try $x \Delta y = 0$ if $x = y$, $x \Delta y = x - y + 1$ if $x \neq y$.
If $x = y$, $x \Delta y = 0$.
If $x \neq y$, $x \Delta y = x - y + 1$.
Check property i:
$(a+b) \Delta b$:
- If $a + b = b$, $a = 0$, not possible for positive integers.
- If $a + b \neq b$, $(a+b) \Delta b = a + b - b + 1 = a + 1$.
$a \Delta b$:
- If $a = b$, $a \Delta b = 0$, $a \Delta b + 1 = 1$.
- If $a \neq b$, $a \Delta b = a - b + 1$, $a \Delta b + 1 = a - b + 2$.
But $(a+b) \Delta b = a + 1$.
If $a = b$, $a \Delta b + 1 = 1$, $(a+b) \Delta b = b + 1$.
So only possible if $b = 0$.
Alternatively, try $x \Delta y = 0$ if $x < y$, $x \Delta y = 1$ if $x \geq y$.
Check property i:
If $a \geq b$, $(a+b) \geq b$, $(a+b) \Delta b = 1$.
$a \Delta b = 1$, $a \Delta b + 1 = 2$.
But $(a+b) \Delta b = 1$, $a \Delta b + 1 = 2$.
Alternatively, try $x \Delta y = 0$ if $x = y$, $x \Delta y = 1$ if $x \neq y$.
Check property i:
If $a \neq b$, $(a+b) \neq b$, $(a+b) \Delta b = 1$.
$a \Delta b = 1$, $a \Delta b + 1 = 2$.
But $(a+b) \Delta b = 1$, $a \Delta b + 1 = 2$.
Alternatively, try $x \Delta y = 0$ if $x = y$, $x \Delta y = x - y + 1$ if $x \neq y$.
If $x = y$, $x \Delta y = 0$.
If $x \neq y$, $x \Delta y = x - y + 1$.
Check property i:
$(a+b) \Delta b$:
- If $a + b = b$, $a = 0$, not possible for positive integers.
- If $a + b \neq b$, $(a+b) \Delta b = a + b - b + 1 = a + 1$.
$a \Delta b$:
- If $a = b$, $a \Delta b = 0$, $a \Delta b + 1 = 1$.
- If $a \neq b$, $a \Delta b = a - b + 1$, $a \Delta b + 1 = a - b + 2$.
But $(a+b) \Delta b = a + 1$.
If $a = b$, $a \Delta b + 1 = 1$, $(a+b) \Delta b = b + 1$.
So only possible if $b = 0$.
Alternatively, try $x \Delta y = 0$ if $x < y$, $x \Delta y = 1$ if $x \geq y$.
Check property i:
If $a \geq b$, $(a+b) \geq b$, $(a+b) \Delta b = 1$.
$a \Delta b = 1$, $a \Delta b + 1 = 2$.
But $(a+b) \Delta b = 1$, $a \Delta b + 1 = 2$.
Alternatively, try $x \Delta y = 0$ if $x = y$, $x \Delta y = 1$ if $x \neq y$.
Check property i:
If $a \neq b$, $(a+b) \neq b$, $(a+b) \Delta b = 1$.
$a \Delta b = 1$, $a \Delta b + 1 = 2$.
But $(a+b) \Delta b = 1$, $a \Delta b + 1 = 2$.
Alternatively, try $x \Delta y = 0$ if $x = y$, $x \Delta y = x - y + 1$ if $x \neq y$.
If $x = y$, $x \Delta y = 0$.
If $x \neq y$, $x \Delta y = x - y + 1$.
Check property i:
$(a+b) \Delta b$:
- If $a + b = b$, $a = 0$, not possible for positive integers.
- If $a + b \neq b$, $(a+b) \Delta b = a + b - b + 1 = a + 1$.
$a \Delta b$:
- If $a = b$, $a \Delta b = 0$, $a \Delta b + 1 = 1$.
- If $a \neq b$, $a \Delta b = a - b + 1$, $a \Delta b + 1 = a - b + 2$.
But $(a+b) \Delta b = a + 1$.
If $a = b$, $a \Delta b + 1 = 1$, $(a+b) \Delta b = b + 1$.
So only possible if $b = 0$.
Alternatively, try $x \Delta y = 0$ if $x < y$, $x \Delta y = 1$ if $x \geq y$.
Check property i:
If $a \geq b$, $(a+b) \geq b$, $(a+b) \Delta b = 1$.
$a \Delta b = 1$, $a \Delta b + 1 = 2$.
But $(a+b) \Delta b = 1$, $a \Delta b + 1 = 2$.
Alternatively, try $x \Delta y = 0$ if $x = y$, $x \Delta y = 1$ if $x \neq y$.
Check property i:
If $a \neq b$, $(a+b) \neq b$, $(a+b) \Delta b = 1$.
$a \Delta b = 1$, $a \Delta b + 1 = 2$.
But $(a+b) \Delta b = 1$, $a \Delta b + 1 = 2$.
Alternatively, try $x \Delta y = 0$ if $x = y$, $x \Delta y = x - y + 1$ if $x \neq y$.
If $x = y$, $x \Delta y = 0$.
If $x \neq y$, $x \Delta y = x - y + 1$.
Check property i:
$(a+b) \Delta b$:
- If $a + b = b$, $a = 0$, not possible for positive integers.
- If $a + b \neq b$, $(a+b) \Delta b = a + b - b + 1 = a + 1$.
$a \Delta b$:
- If $a = b$, $a \Delta b = 0$, $a \Delta b + 1 = 1$.
- If $a \neq b$, $a \Delta b = a - b + 1$, $a \Delta b + 1 = a - b + 2$.
But $(a+b) \Delta b = a + 1$.
If $a = b$, $a \Delta b + 1 = 1$, $(a+b) \Delta b = b + 1$.
So only possible if $b = 0$.
Alternatively, try $x \Delta y = 0$ if $x < y$, $x \Delta y = 1$ if $x \geq y$.
Check property i:
If $a \geq b$, $(a+b) \geq b$, $(a+b) \Delta b = 1$.
$a \Delta b = 1$, $a \Delta b + 1 = 2$.
But $(a+b) \Delta b = 1$, $a \Delta b + 1 = 2$.
Alternatively, try $x \Delta y = 0$ if $x = y$, $x \Delta y = 1$ if $x \neq y$.
Check property i:
If $a \neq b$, $(a+b) \neq b$, $(a+b) \Delta b = 1$.
$a \Delta b = 1$, $a \Delta b + 1 = 2$.
But $(a+b) \Delta b = 1$, $a \Delta b + 1 = 2$.
Alternatively, try $x \Delta y = 0$ if $x = y$, $x \Delta y = x - y + 1$ if $x \neq y$.
If $x = y$, $x \Delta y = 0$.
If $x \neq y$, $x \Delta y = x - y + 1$.
Check property i:
$(a+b) \Delta b$:
- If $a + b = b$, $a = 0$, not possible for positive integers.
- If $a + b \neq b$, $(a+b) \Delta b = a + b - b + 1 = a + 1$.
$a \Delta b$:
- If $a = b$, $a \Delta b = 0$, $a \Delta b + 1 = 1$.
- If $a \neq b$, $a \Delta b = a - b + 1$, $a \Delta b + 1 = a - b + 2$.
But $(a+b) \Delta b = a + 1$.
If $a = b$, $a \Delta b + 1 = 1$, $(a+b) \Delta b = b + 1$.
So only possible if $b = 0$.
Alternatively, try $x \Delta y = 0$ if $x < y$, $x \Delta y = 1$ if $x \geq y$.
Check property i:
If $a \geq b$, $(a+b) \geq b$, $(a+b) \Delta b = 1$.
$a \Delta b = 1$, $a \Delta b + 1 = 2$.
But $(a+b) \Delta b = 1$, $a \Delta b + 1 = 2$.
Alternatively, try $x \Delta y = 0$ if $x = y$, $x \Delta y = 1$ if $x \neq y$.
Check property i:
If $a \neq b$, $(a+b) \neq b$, $(a+b) \Delta b = 1$.
$a \Delta b = 1$, $a \Delta b + 1 = 2$.
But $(a+b) \Delta b = 1$, $a \Delta b + 1 = 2$.
Alternatively, try $x \Delta y = 0$ if $x = y$, $x \Delta y = x - y + 1$ if $x \neq y$.
If $x = y$, $x \Delta y = 0$.
If $x \neq y$, $x \Delta y = x - y + 1$.
Check property i:
$(a+b) \Delta b$:
- If $a + b = b$, $a = 0$, not possible for positive integers.
- If $a + b \neq b$, $(a+b) \Delta b = a + b - b + 1 = a + 1$.
$a \Delta b$:
- If $a = b$, $a \Delta b = 0$, $a \Delta b + 1 = 1$.
- If $a \neq b$, $a \Delta b = a - b + 1$, $a \Delta b + 1 = a - b + 2$.
But $(a+b) \Delta b = a + 1$.
If $a = b$, $a \Delta b + 1 = 1$, $(a+b) \Delta b = b + 1$.
So only possible if $b = 0$.
Alternatively, try $x \Delta y = 0$ if $x < y$, $x \Delta y = 1$ if $x \geq y$.
Check property i:
If $a \geq b$, $(a+b) \geq b$, $(a+b) \Delta b = 1$.
$a \Delta b = 1$, $a \Delta b + 1 = 2$.
But $(a+b) \Delta b = 1$, $a \Delta b + 1 = 2$.
Alternatively, try $x \Delta y = 0$ if $x = y$, $x \Delta y = 1$ if $x \neq y$.
Check property i:
If $a \neq b$, $(a+b) \neq b$, $(a+b) \Delta b = 1$.
$a \Delta b = 1$, $a \Delta b + 1 = 2$.
But $(a+b) \Delta b = 1$, $a \Delta b + 1 = 2$.
Alternatively, try $x \Delta y = 0$ if $x = y$, $x \Delta y = x - y + 1$ if $x \neq y$.
If $x = y$, $x \Delta y = 0$.
If $x \neq y$, $x \Delta y = x - y + 1$.
Check property i:
$(a+b) \Delta b$:
- If $a + b = b$, $a = 0$, not possible for positive integers.
- If $a + b \neq b$, $(a+b) \Delta b = a + b - b + 1 = a + 1$.
$a \Delta b$:
- If $a = b$, $a \Delta b = 0$, $a \Delta b + 1 = 1$.
- If $a \neq b$, $a \Delta b = a - b + 1$, $a \Delta b + 1 = a - b + 2$.
But $(a+b) \Delta b = a + 1$.
If $a = b$, $a \Delta b + 1 = 1$, $(a+b) \Delta b = b + 1$.
So only possible if $b = 0$.
Alternatively, try $x \Delta y = 0$ if $x < y$, $x \Delta y = 1$ if $x \geq y$.
Check property i:
If $a \geq b$, $(a+b) \geq b$, $(a+b) \Delta b = 1$.
$a \Delta b = 1$, $a \Delta b + 1 = 2$.
But $(a+b) \Delta b = 1$, $a \Delta b + 1 = 2$.
Alternatively, try $x \Delta y = 0$ if $x = y$, $x \Delta y = 1$ if $x \neq y$.
Check property i:
If $a \neq b$, $(a+b) \neq b$, $(a+b) \Delta b = 1$.
$a \Delta b = 1$, $a \Delta b + 1 = 2$.
But $(a+b) \Delta b = 1$, $a \Delta b + 1 = 2$.
Alternatively, try $x \Delta y = 0$ if $x = y$, $x \Delta y = x - y + 1$ if $x \neq y$.
If $x = y$, $x \Delta y = 0$.
If $x \neq y$, $x \Delta y = x - y + 1$.
Check property i:
$(a+b) \Delta b$:
- If $a + b = b$, $a = 0$, not possible for positive integers.
- If $a + b \neq b$, $(a+b) \Delta b = a + b - b + 1 = a + 1$.
$a \Delta b$:
- If $a = b$, $a \Delta b = 0$, $a \Delta b + 1 = 1$.
- If $a \neq b$, $a \Delta b = a - b + 1$, $a \Delta b + 1 = a - b + 2$.
But $(a+b) \Delta b = a + 1$.
If $a = b$, $a \Delta b + 1 = 1$, $(a+b) \Delta b = b + 1$.
So only possible if $b = 0$.
Therefore, the only possible function is $x \Delta y = 0$ if $x = y$, $x \Delta y = 1$ if $x \neq y$.
Thus, $2016 \Delta 121 = 1$ (since $2016 \neq 121$), $2016 \Delta 144 = 1$ (since $2016 \neq 144$).
**Answer:**
$2016 \Delta 121 = 1$
$2016 \Delta 144 = 1$",discrete_algebra,unsuitable,proof_corrupted|excessive_repetition|too_long_unstructured,Ruan Haochen (Eddie),confirmed
0krt,polynomials,polynomials,suitable,high,complete_proof|clear_inference_units|traceable_dependencies|scope_clear|case_structure|multi_premise_merge|alternative_paths,image_dependency_suspected,"Problem:
Let $p$ be a prime and let $\mathbb{F}_p$ be the set of integers modulo $p$. Call a function $f: \mathbb{F}_p^2 \rightarrow \mathbb{F}_p$ quasiperiodic if there exist $a, b \in \mathbb{F}_p$, not both zero, so that $f(x+a, y+b)=f(x, y)$ for all $x, y \in \mathbb{F}_p$. Find, with proof, the number of functions $\mathbb{F}_p^2 \rightarrow \mathbb{F}_p$ that can be written as the sum of some number of quasiperiodic functions.","Solution:
Every function $\mathbb{F}_p^2 \rightarrow \mathbb{F}_p$ can be written uniquely as a polynomial $\sum_{i=0}^{p-1} \sum_{j=0}^{p-1} a_{ij} x^i y^j$. We claim that a function can be written as a sum of quasiperiodic functions if and only if $a_{ij}=0$ for all $i+j \geq p$. The only if direction follows directly from the fact that quasiperiodic functions are all of the form $g(by-ax)$ for some function $g$ which can be written as a polynomial of degree at most $p-1$.
The if direction is more involved. Pick some $d \leq p-1$, and we will argue by induction on $i$ that $x^i y^{d-i}$ is a sum of quasiperiodic functions. This is clear for $i=0$. Now, if $i>0$ consider the following sum of quasiperiodic functions:
$$
\begin{aligned}
\sum_{j=0}^{d-i}(-1)^j\binom{d-i}{j}(x+j y)^d & =\sum_{k=0}^{d} \sum_{j=0}^{d-i}(-1)^j\binom{d-i}{j}\binom{d}{k} x^k j^{d-k} y^{d-k} \\
& =\sum_{k=0}^{d}\binom{d}{k} x^k y^{d-k} \sum_{j=0}^{d-i}(-1)^j\binom{d-i}{j} j^{d-k} .
\end{aligned}
$$
By the theory of finite differences, we know that $\sum_{j=0}^{d-i}(-1)^j\binom{d-i}{j} j^{d-k}$ is zero if $d-i>d-k \Longleftrightarrow k>i$, and nonzero if $d-i=d-k \Longleftrightarrow i=k$ (specifically it is $(-1)^{d-i}(d-i)!$). Therefore, this is
$$
\sum_{k=0}^{i} a_k x^k y^{d-k}
$$
for some $a_k$ so that $a_i$ is nonzero. By the inductive hypothesis, $x^k y^{d-k}$ is a sum of quasiperiodic functions for all $k<i$, so we are done.
Solution:
This solution will make heavy use of linear algebra. First, let $\mathcal{L}$ be the set of affine lines in $\mathbb{F}_p^2$. If $\ell \in \mathcal{L}$ and $f: \mathbb{F}_p^2 \rightarrow \mathbb{F}_p$ is a function, let $S_{\ell}(f)= \sum_{(x, y) \in \ell} f(x, y)$ and let $\mathbf{1}_{\ell}: \mathbb{F}_p^2 \rightarrow \mathbb{F}_p$ be the indicator function of $\ell$. Let $V$ be the vector space spanned by all the quasiperiodic functions, which can alternatively be defined by the space spanned by all the $\mathbf{1}_{\ell}$. Furthermore, let $W$ be the vector space of functions $f$ so that $S_{\ell}(f)=0$ for all lines $\ell$.
This next claim is the heart of the proof:
Claim. $W \subseteq V$.
Proof. Surprisingly, this is easier to prove when lifted to $\mathbb{Z}$. Specifically, for a line $\ell \subseteq \mathbb{F}_p^2$, let $\tilde{\mathbf{1}}_{\ell}: \mathbb{F}_p^2 \rightarrow \mathbb{Z}$ be the indicator function of $\ell$ and let $f: \mathbb{F}_p^2 \rightarrow \mathbb{Z}$ be a function so that $S_{\ell}(f) \equiv 0(\bmod p)$ for all $\ell$. We will show that $f$ can be written as a linear combination of functions of the form $\tilde{\mathbf{1}}_{\ell}$ and a remainder term $g$ so that $g(x, y) \equiv 0(\bmod p)$. (It is in fact true that $g$ can be made to be identically zero, but this is irrelevant for our purposes.)
Suppose that a counterexample $f$ exists. Then, by possibly adjusting the values of $f$ by multiples of $p$ (which can be absorbed into the remainder $g$ term), we may assume that $\sum_{x, y \in \mathbb{F}_p} f(x, y)=0$. Out of all such counterexamples, pick an $f$ that minimizes the sum $\sum_{\ell \in \mathcal{L}}\left|S_{\ell}(f)\right|$.
We now split the analysis into two cases. If $S_{\ell}(f)=0$ for all lines $\ell$, then for every point $(x, y) \in \mathbb{F}_p^2$ we have
$$
p f(x, y)=\sum_{(x, y) \in \ell} S_{\ell}(f)-\sum_{x', y' \in \mathbb{F}_p^2} f\left(x', y'\right)=0,
$$
so $f$ is identically zero. This clearly cannot be a counterexample.
In the other case, we must have a line $\ell$ with $S_{\ell}(f)>0$. Since the sum of all values of $f$ is zero, there is a line $\ell'$ parallel to $\ell$ with $S_{\ell'}(f)<0$. Then it is not hard to show that $f'=f-\tilde{\mathbf{1}}_{\ell}+\tilde{\mathbf{1}}_{\ell'}$ is another counterexample with $\sum_{\ell \in \mathcal{L}}\left|S_{\ell}\left(f'\right)\right|<\sum_{\ell \in \mathcal{L}}\left|S_{\ell}(f)\right|$, which contradicts the minimality of $f$. This finishes the proof of the claim.
Because of the claim, we can now describe $W$ as the kernel of the map $\Phi: V \rightarrow \mathbb{F}_p^{\mathcal{L}}$ sending $f$ to $\left(S_{\ell}(f)\right)_{\ell \in \mathcal{L}}$. Note that $S_{\ell}\left(\mathbf{1}_{\ell'}\right)$ is 0 if $\ell$ and $\ell'$ are parallel and 1 otherwise, so the image of $\Phi$ is generated by the $p+1$ vectors $v_i=\Phi\left(\mathbf{1}_{\ell_i}\right)$, where $\ell_1, \ell_2, \ldots, \ell_{p+1}$ range over the parallel classes of lines in $\mathbb{F}_p^2$. One can check that $v_1+v_2+\cdots+v_{p+1}=0$, but this is in fact the only linear relation. To see this, note that if $\sum_i c_i v_i=0$, then for all $j$ we have $0=\sum_i c_i S_{\ell_j}\left(\mathbf{1}_{\ell_i}\right)=-c_j+\sum_i c_i$. It follows that all the $c_j$ are the same. Therefore, the image of $\Phi$ has dimension $p$.
Since the image of $\Phi$ has dimension $p$, we conclude that $\operatorname{dim} V-\operatorname{dim} W=p$. Also, by definition, $W$ is the space of functions that are orthogonal to $V$ under the bilinear pairing $(f, g) \mapsto \sum_{x, y \in \mathbb{F}_p} f(x, y) g(x, y)$, so $\operatorname{dim} V+\operatorname{dim} W=p^2$. Solving these equations yields that $\operatorname{dim} V=\frac{p(p+1)}{2}$, so the size of $V$ is $p^{\frac{p(p+1)}{2}}$.",polynomials,suitable,complete_proof|clear_inference_units|traceable_dependencies|scope_clear|case_structure|multi_premise_merge|alternative_paths,Ruan Haochen (Eddie),confirmed
00q2,complex_algebra,complex_algebra,suitable,high,complete_proof|clear_inference_units|traceable_dependencies|scope_clear|case_structure|multi_premise_merge|alternative_paths,,"Determine all positive integers $n$ such that $f_n(x, y, z) = x^{2n} + y^{2n} + z^{2n} - xy - yz - zx$ divides $g_n(x, y, z) = (x-y)^{5n} + (y-z)^{5n} + (z-x)^{5n}$, as polynomials in $x, y, z$ with integer coefficients.","Assume that $f_n(x, y, z)$ divides $g_n(x, y, z)$, that is
$$
g_n(x, y, z) = f_n(x, y, z)h_n(x, y, z),
$$
where $h_n$ is a polynomial in $x, y, z$ with integer coefficients.
Considering $x = 2, y = 1, z = 0$, it follows $2^{2n} - 1$ must divide $(-2)^{5n} + 2$. The last property is equivalent to $2^{2n} - 1|2^{5n} + 2(-1)^{5n} = 2^{5n} + 2(-1)^n = 2^n(2^{4n} - 1 + 1) + 2(-1)^n = 2^n(2^{4n} - 1) + 2^n + 2(-1)^n$, hence $2^{2n} - 1$ divides $2^n + 2(-1)^n$. For $n \ge 2$ clearly we have $2^{2n} - 1 > 2^n + 2 \ge 2^n + 2(-1)^n$, therefore the only possibility is $n = 1$.
We will show that $f_1(x, y, z)$ divides $g_1(x, y, z)$. Denote $a = x - y, b = y - z, c = z - x$ and $S_k = a^k + b^k + c^k$ for $k = 0, 1, \dots$. Clearly, we have $a + b + c = 0$, and from Newton's formulas it follows
$$
S_{k+3} = -(ab + bc + ca)S_{k+1} + abcS_k, \quad k = 0, 1, \dots \quad (1)
$$
Also, from $a + b + c = 0$ we obtain $a^2 + b^2 + c^2 = -2 \sum_{cyc} ab$, that is
$$
a^2 + b^2 + c^2 - \sum_{cyc} ab = -3 \sum_{cyc} ab. \quad (2)
$$
Using formulas (1) and (2) we have
$$
\begin{aligned} g_1(x, y, z) &= S_5 = -(\sum_{cyc} ab)S_3 + abcS_2 = abc(S_2 - 3 \sum_{cyc} ab) = \\ &= -5abc(\sum_{cyc} ab) = \frac{5}{2}abcS_2 = 5(x - y)(y - z)(z - x)f_1(x, y, z), \end{aligned}
$$
hence the divisibility holds in this case.
From the relation $g_n(x, y, z) = f_n(x, y, z)h_n(x, y, z)$, it follows that for every triple $(x, y, z)$ with the property $f_n(x, y, z) = 0$ we have $g_n(x, y, z) = 0$. We will consider two cases.
**Case 1.** If $n$ is even, we have $g_n(x, y, y) = 2(x - y)^{5n} = f_n(x, y, y)h_n(x, y, y)$. This is equivalent to $f_n(x, y, y) = x^{2n} + 2y^{2n} - 2xy - y^2$ divides $2(x - y)^{5n}$, hence $x^{2n} + 2y^{2n} - 2xy - y^2 = k(x - y)^t$, for some integer $k$ and some positive integer $t$. From the equality of the degrees it follows $t = 2n$ and from the equality of the coefficients of $x^{2n}$, respectively $y^{2n}$, we obtain $k = 1$ and $k = 2$, not possible.
**Case 2.** If $n$ is odd and $n \ge 3$, then we have $f_n(-y, y, iy) = y^{2n}-y^2$ and $g_n(-y, y, iy) = y^{5n}[(-2)^{5n} + (1 - i)^{5n} + (1 + i)^{5n}]$. For $y^{2n-2} = 1$ we have $f_n(-y, y, iy) = 0$, hence $g_n(-y, y, iy) = 0$. That is $(\frac{1-i}{2})^{5n} + (\frac{1+i}{2})^{5n} = 1$. On the other hand, we have
$$
1 = |(\frac{1-i}{2})^{5n} + (\frac{1+i}{2})^{5n}| = |2Re(\frac{1+i}{2})^{5n}| \le 2|(\frac{1+i}{2})^{5n}| = \frac{2}{(\sqrt{2})^{5n}} < 1,
$$
contradiction.
The only possibility is $n = 1$ and we continue as in the last part of Solution 1.",polynomials,suitable,complete_proof|clear_inference_units|traceable_dependencies|scope_clear|case_structure|multi_premise_merge|alternative_paths,Ruan Haochen (Eddie),module override: complex_algebra -> polynomials
06og,recurrences_sequences,inequalities,suitable,high,complete_proof|clear_inference_units|traceable_dependencies|scope_clear|multi_premise_merge|alternative_paths,,"Prove the inequality
$$
\sum_{i<j} \frac{a_{i} a_{j}}{a_{i}+a_{j}} \leq \frac{n}{2\left(a_{1}+a_{2}+\cdots+a_{n}\right)} \sum_{i<j} a_{i} a_{j}
$$
for positive real numbers $a_{1}, a_{2}, \ldots, a_{n}$.","Let $S=\sum_{i} a_{i}$. Denote by $L$ and $R$ the expressions on the left and right hand side of the proposed inequality. We transform $L$ and $R$ using the identity
$$
\sum_{i<j}\left(a_{i}+a_{j}\right)=(n-1) \sum_{i} a_{i} . \tag{1}
$$
And thus:
$$
L=\sum_{i<j} \frac{a_{i} a_{j}}{a_{i}+a_{j}}=\sum_{i<j} \frac{1}{4}\left(a_{i}+a_{j}-\frac{\left(a_{i}-a_{j}\right)^{2}}{a_{i}+a_{j}}\right)=\frac{n-1}{4} \cdot S-\frac{1}{4} \sum_{i<j} \frac{\left(a_{i}-a_{j}\right)^{2}}{a_{i}+a_{j}} . \tag{2}
$$
To represent $R$ we express the sum $\sum_{i<j} a_{i} a_{j}$ in two ways; in the second transformation identity (1) will be applied to the squares of the numbers $a_{i}$ :
$$
\begin{gathered}
\sum_{i<j} a_{i} a_{j}=\frac{1}{2}\left(S^{2}-\sum_{i} a_{i}^{2}\right) ; \\
\sum_{i<j} a_{i} a_{j}=\frac{1}{2} \sum_{i<j}\left(a_{i}^{2}+a_{j}^{2}-\left(a_{i}-a_{j}\right)^{2}\right)=\frac{n-1}{2} \cdot \sum_{i} a_{i}^{2}-\frac{1}{2} \sum_{i<j}\left(a_{i}-a_{j}\right)^{2} .
\end{gathered}
$$
Multiplying the first of these equalities by $n-1$ and adding the second one we obtain
$$
n \sum_{i<j} a_{i} a_{j}=\frac{n-1}{2} \cdot S^{2}-\frac{1}{2} \sum_{i<j}\left(a_{i}-a_{j}\right)^{2} .
$$
Hence
$$
R=\frac{n}{2 S} \sum_{i<j} a_{i} a_{j}=\frac{n-1}{4} \cdot S-\frac{1}{4} \sum_{i<j} \frac{\left(a_{i}-a_{j}\right)^{2}}{S} . \tag{3}
$$
Now compare (2) and (3). Since $S \geq a_{i}+a_{j}$ for any $i<j$, the claim $L \geq R$ results.
Let $S=a_{1}+a_{2}+\cdots+a_{n}$. For any $i \neq j$,
$$
4 \frac{a_{i} a_{j}}{a_{i}+a_{j}}=a_{i}+a_{j}-\frac{\left(a_{i}-a_{j}\right)^{2}}{a_{i}+a_{j}} \leq a_{i}+a_{j}-\frac{\left(a_{i}-a_{j}\right)^{2}}{a_{1}+a_{2}+\cdots+a_{n}}=\frac{\sum_{k \neq i} a_{i} a_{k}+\sum_{k \neq j} a_{j} a_{k}+2 a_{i} a_{j}}{S} .
$$
The statement is obtained by summing up these inequalities for all pairs $i, j$ :
$$
\begin{gathered}
\sum_{i<j} \frac{a_{i} a_{j}}{a_{i}+a_{j}}=\frac{1}{2} \sum_{i} \sum_{j \neq i} \frac{a_{i} a_{j}}{a_{i}+a_{j}} \leq \frac{1}{8 S} \sum_{i} \sum_{j \neq i}\left(\sum_{k \neq i} a_{i} a_{k}+\sum_{k \neq j} a_{j} a_{k}+2 a_{i} a_{j}\right) \\
=\frac{1}{8 S}\left(\sum_{k} \sum_{i \neq k} \sum_{j \neq i} a_{i} a_{k}+\sum_{k} \sum_{j \neq k} \sum_{i \neq j} a_{j} a_{k}+\sum_{i} \sum_{j \neq i} 2 a_{i} a_{j}\right) \\
=\frac{1}{8 S}\left(\sum_{k} \sum_{i \neq k}(n-1) a_{i} a_{k}+\sum_{k} \sum_{j \neq k}(n-1) a_{j} a_{k}+\sum_{i} \sum_{j \neq i} 2 a_{i} a_{j}\right) \\
=\frac{n}{4 S} \sum_{i} \sum_{j \neq i} a_{i} a_{j}=\frac{n}{2 S} \sum_{i<j} a_{i} a_{j} .
\end{gathered}
$$",inequalities,suitable,complete_proof|clear_inference_units|traceable_dependencies|scope_clear|multi_premise_merge|alternative_paths,Ruan Haochen (Eddie),confirmed
0chi,complex_algebra,complex_algebra,suitable,high,complete_proof|clear_inference_units|traceable_dependencies|scope_clear|case_structure|multi_premise_merge|alternative_paths,,"Let $a, b, c$ be nonzero complex numbers of the same modulus for which the numbers $A = a+b+c$ and $B = abc$ are real. Prove that, for any nonnegative integer number $n$, the number $C_n = a^n + b^n + c^n$ is real.","Let $\alpha, \beta, \gamma$ be the reduced arguments of the complex numbers $a, b, c$. Since $abc \in \mathbb{R}$, it follows that $\sin(\alpha + \beta + \gamma) = 0$, i.e., $\alpha + \beta + \gamma = k\pi$, where $k \in \mathbb{Z}$. Therefore, we can write $\gamma = k\pi - \alpha - \beta$ for some integer $k$. Furthermore, from $a+b+c \in \mathbb{R}$ we have $\sin \alpha + \sin \beta + \sin \gamma = 0$, thus $\sin \alpha + \sin \beta = -\sin \gamma = -\sin(k\pi - \alpha - \beta)$, leading to $|\sin \alpha + \sin \beta| = |\sin(\alpha + \beta)|$, which is equivalent to:
$$
\left| \sin \frac{\alpha + \beta}{2} \cos \frac{\alpha - \beta}{2} \right| = \left| \sin \frac{\alpha + \beta}{2} \cos \frac{\alpha + \beta}{2} \right|.
$$
If $\sin \frac{\alpha+\beta}{2} = 0$, then there is an integer $q$ such that $\frac{\alpha+\beta}{2} = q\pi$, and $\gamma = (k-2q)\pi$, hence $\sin \gamma = 0$, which leads to $c \in \mathbb{R}$.
If $\sin \frac{\alpha+\beta}{2} \neq 0$, then $|\cos \frac{\alpha+\beta}{2}| = |\cos \frac{\alpha-\beta}{2}|$, from which we have $\cos^2 \frac{\alpha+\beta}{2} = \cos^2 \frac{\alpha-\beta}{2}$, thus $\cos(\alpha + \beta) = \cos(\alpha - \beta)$, leading to $\sin \alpha \sin \beta = 0$, i.e., at least one of the numbers $a$ or $b$ is real.
Therefore, at least one of the numbers $a, b$, or $c$ is real. Let this number be $a$. From the hypothesis, we obtain that $b+c \in \mathbb{R}$, and since $a$ is nonzero, we also have $bc \in \mathbb{R}$. If $b$ is real, then $c$ will also be real, so $C_n$ is real for any $n \in \mathbb{N}$. If $b \in \mathbb{C} \setminus \mathbb{R}$, then $b$ and $c$ are the roots of a quadratic equation with real coefficients, thus $b = \bar{c}$. Consequently, $C_n = a^n + b^n + c^n = a^n + b^n + \bar{b}^n = a^n + b^n + \bar{c}^n \in \mathbb{R}$.
Alternative solution.
Let $|a| = |b| = |c| = r > 0$. For a complex number $z$ with modulus $r > 0$, we have $\bar{z} = \frac{r^2}{z}$. Since $A$ is a real number, we obtain:
$$
a+b+c = \bar{a}+\bar{b}+\bar{c} = \frac{r^2}{a}+\frac{r^2}{b}+\frac{r^2}{c} = r^2 \cdot \frac{ab+bc+ca}{abc} \in \mathbb{R},
$$
which implies $ab + bc + ca \in \mathbb{R}$.
For $n = 0$ we have $C_0 = 3$, and for $n = 1$ we have $C_1 = A \in \mathbb{R}$. Also, for $n = 2$ we have $C_2 = A^2 - 2(ab + bc + ca) \in \mathbb{R}$. For $n \ge 2$, we have:
$$
C_{n+1} = A \cdot C_n - (ab + bc + ca) \cdot C_{n-1} + B \cdot C_{n-2}.
$$
By induction, it now follows that $C_n \in \mathbb{R}$ for any $n \in \mathbb{N}$.",complex_algebra,suitable,complete_proof|clear_inference_units|traceable_dependencies|scope_clear|case_structure|multi_premise_merge|alternative_paths,Ruan Haochen (Eddie),confirmed
0gif,functional_equations,functional_equations,suitable,high,complete_proof|clear_inference_units|traceable_dependencies|scope_clear|multi_premise_merge|alternative_paths,,"Let $\mathbb{R}_{>0}$ be the set of positive real numbers. Determine all functions $f : \mathbb{R}_{>0} \to \mathbb{R}_{>0}$ such that
$$
x(f(x) + f(y)) \geq (f(f(x)) + y)f(y)
$$
for every $x, y \in \mathbb{R}_{>0}$.
令 $\mathbb{R}_{>0}$ 為所有正實數所成的集合。試找出所有函數 $f: \mathbb{R}_{>0} \to \mathbb{R}_{>0}$ 滿足：
$$
x(f(x) + f(y)) \geq (f(f(x)) + y)f(y)
$$
對任意 $x, y \in \mathbb{R}_{>0}$ 均成立。","All functions $f(x) = \frac{c}{x}$ for some $c > 0$.
Let $f : \mathbb{R}_{>0} \to \mathbb{R}_{>0}$ be a function that satisfies the inequality of the problem statement. We will write $f^k(x) = f(f(\cdots f(x)\cdots))$ for the composition of $f$ with itself $k$ times, with the convention that $f^0(x) = x$. Substituting $y = x$ gives
$$
x \geq f^2(x).
$$
Substituting $x = f(y)$ instead leads to $f(y) + f^2(y) \geq y + f^3(y)$, or equivalently
$$
f(y) - f^3(y) \geq y - f^2(y).
$$
We can generalize this inequality. If we replace $y$ by $f^{n-1}(y)$ in the above inequality, we get
$$
f^n(y) - f^{n+2}(y) \geq f^{n-1}(y) - f^{n+1}(y),
$$
for every $y \in \mathbb{R}_{>0}$ and for every integer $n \geq 1$. In particular, $f^n(y) - f^{n+2}(y) \geq y - f^2(y) \geq 0$ for every $n \geq 1$. Hereafter consider even integers $n = 2m$. Observe that
$$
y - f^{2m}(y) = \sum_{i=0}^{m-1} f^{2i}(y) - f^{2i+2}(y) \geq m(y - f^2(y)).
$$
Since $f$ takes positive values, it holds that $y - f^{2m}(y) < y$ for every $m \geq 1$. So, we have proved that $y > m(y - f^2(y))$ for every $y \in \mathbb{R}_{>0}$ and every $m \geq 1$. Since $y - f^2(y) \geq 0$, this holds if and only if
$$
f^2(y) = y
$$
for every $y \in \mathbb{R}_{>0}$. The original inequality becomes
$$
x f(x) \geq y f(y)
$$
for every $x, y \in \mathbb{R}_{>0}$. Hence, $x f(x)$ is a constant. We conclude that $f(x) = \frac{c}{x}$ for some $c > 0$.
Let $f : \mathbb{R}_{>0} \to \mathbb{R}_{>0}$ be a function that satisfies the inequality of the problem statement. As in Solution 1, we prove that
$$
f^n(y) \ge f^{n+2}(y)
$$
for every $y \in \mathbb{R}_{>0}$ and every $n \ge 0$. Since $f$ takes positive values, this implies that
$$
y f(y) \ge f(y) f^2(y) \ge f^2(y) f^3(y) \ge \dots
$$
In other words, $y f(y) \ge f^n(y) f^{n+1}(y)$ for every $y \in \mathbb{R}_{>0}$ and every $n \ge 1$.
We replace $x$ by $f^n(x)$ in the original inequality and get
$$
f^n(x) - f^{n+2}(x) \ge \frac{y f(y) - f^n(x) f^{n+1}(x)}{f(y)}.
$$
Using that $x f(x) \ge f^n(x) f^{n+1}(x)$, we obtain
$$
f^n(x) - f^{n+2}(x) \ge \frac{y f(y) - x f(x)}{f(y)}
$$
for every $n \ge 0$. The same trick as in Solution 1 gives
$$
x > x - f^{2m}(x) = \sum_{i=0}^{m-1} f^{2i}(x) - f^{2i+2}(x) \ge m \cdot \frac{y f(y) - x f(x)}{f(y)}
$$
for every $x, y \in \mathbb{R}_{>0}$ and every $m \ge 1$. Possibly permuting $x$ and $y$, we may assume that $y f(y) - x f(x) \ge 0$ then the above inequality implies $x, f(x) = y f(y)$. We conclude as in Solution 1. $\square$",functional_equations,suitable,complete_proof|clear_inference_units|traceable_dependencies|scope_clear|multi_premise_merge|alternative_paths,Ruan Haochen (Eddie),confirmed
0ldq,recurrences_sequences,recurrences_sequences,suitable,high,complete_proof|clear_inference_units|traceable_dependencies|scope_clear|case_structure|multi_premise_merge,,"A sequence $(x_n)$ is defined as follows
$$
x_1 = 2, \quad x_{n+1} = \sqrt{x_n + 8} - \sqrt{x_n + 3}
$$
for all positive integers $n$.
a) Prove that $(x_n)$ has a finite limit and find that limit.
b) For every positive integer $n$, prove that
$$
n \le x_1 + x_2 + \dots + x_n \le n + 1.
$$","a) It is easy to see that $x_n > 0$ for all $n \in \mathbb{N}^*$. For every positive integer $n$, we have
$$
\begin{aligned}
|x_{n+1} - 1| &= |\sqrt{x_n + 8} - 3 + 2 - \sqrt{x_n + 3}| \\
&= |(x_n - 1)\left(\frac{1}{\sqrt{x_n + 8} + 3} - \frac{1}{\sqrt{x_n + 3} + 2}\right)| \\
&\le |x_n - 1|\left(\frac{1}{\sqrt{x_n + 8} + 3} + \frac{1}{\sqrt{x_n + 3} + 2}\right) \\
&\le |x_n - 1|\left(\frac{1}{3} + \frac{1}{2}\right) \\
&= \frac{5}{6}|x_n - 1|.
\end{aligned}
$$
Therefore,
$$
|x_n - 1| \le \frac{5}{6}|x_{n-1} - 1| \le \dots \le \left(\frac{5}{6}\right)^{n-1} |x_1 - 1| = \left(\frac{5}{6}\right)^n, \forall n \in \mathbb{N}^*.
$$
Note that $\lim \left(\frac{5}{6}\right)^n = 0$, we obtain $\lim_{n \to \infty} x_n = 1$.
b) Consider the function
$$
f(x) = \sqrt{x+8} - \sqrt{x+3} = \frac{5}{\sqrt{x+8} + \sqrt{x+3}},
$$
with $x > 0$, we see that $f(x)$ is a continuous and decreasing function on $(0, +\infty)$. Because $x_1 > 1$ then $x_2 = f(x_1) < f(1) = 1$, and $x_3 = f(x_2) > f(1) = 1, \dots$. In general, we can prove $x_{2k} < 1 < x_{2k-1}$ for all positive integers $k$.
Now, consider the function $g(x) = x + f(x) = x + \sqrt{x+8} - \sqrt{x+3}$ with $x > 0$, we get $g(x)$ is a continuous function and
$$
g'(x) = 1 + \frac{1}{2\sqrt{x+8}} - \frac{1}{2\sqrt{x+3}} > 1 - \frac{1}{2\sqrt{3}} > 0, \forall x > 0
$$
so $g(x)$ is an increasing function on $(0, \infty)$. From here, we have the following claims
* If $x > 1$ then $g(x) > g(1) = 2$.
* If $0 < x < 1$ then $g(x) < g(1) = 2$.
Hence,
$$
x_{2k-1} + x_{2k} > 2 > x_{2k} + x_{2k+1}, \forall k \in \mathbb{N}^*.
$$
Now, we will prove the given inequality. Consider two cases:
* Case 1: $n = 2k$ ($k \in \mathbb{N}^*$). It is easy to check that $2 < x_1 + x_2 < 3$ so the given inequality is true when $k = 1$. Assume that $k > 1$, we have
$$
x_1 + x_2 + \dots + x_n = (x_1 + x_2) + (x_3 + x_4) + \dots + (x_{2k-1} + x_{2k}) \\ > 2 + 2 + \dots + 2 = 2k
$$
and
$$
x_1 + x_2 + \dots + x_n = x_1 + (x_2 + x_3) + \dots + (x_{2k-2} + x_{2k-1}) + x_{2k} \\ < 2 + 2 + \dots + 2 + 1 = 2k + 1.
$$
* Case 2: $n = 2k - 1$ ($k \in \mathbb{N}^*$). Clearly, the given inequality is true when $k = 1$. Suppose that $k > 1$, we have
$$
x_1 + x_2 + \dots + x_n = (x_1 + x_2) + \dots + (x_{2k-3} + x_{2k-2}) + x_{2k-1} \\ > 2 + 2 + \dots + 2 + 1 = 2k - 1
$$
and
$$
x_1 + x_2 + \dots + x_n = x_1 + (x_2 + x_3) + \dots + (x_{2k-2} + x_{2k-1}) \\ < 2 + 2 + \dots + 2 = 2k.
$$
To summarize, we have $n \le x_1 + x_2 + \dots + x_n \le n + 1$ for all positive integers $n$. $\square$",recurrences_sequences,suitable,complete_proof|clear_inference_units|traceable_dependencies|scope_clear|case_structure|multi_premise_merge,Ruan Haochen (Eddie),confirmed
0le0,discrete_algebra,discrete_algebra,suitable,medium,complete_proof|clear_inference_units|scope_clear|multi_premise_merge|opaque_large_jump,,"Assume $a$ is a real number in $[\frac{1}{2}, \frac{2}{3}]$. Consider two sequences $(u_n), (v_n), (n = 0, 1, \dots)$, defined by:
$$
u_n = \frac{3}{2^{n+1}} \cdot (-1)^{\lfloor 2^{n+1}a \rfloor}, \quad v_n = \frac{3}{2^{n+1}} \cdot (-1)^{n+\lfloor 2^{n+1}a \rfloor}.$$
a. Prove that
$$
\left(\sum_{i=0}^{2018} u_i\right)^2 + \left(\sum_{i=0}^{2018} v_i\right)^2 \le 72a^2 - 48a + 10 + \frac{2}{4^{2019}}.
$$
b. Find all value of $a$ for which equality occurs.","(a) By assumption, we have $v_i = u_i$ for even $i$ and $v_i = -u_i$ for odd $i$. Thus, the inequality can be rewritten as
$$
\left(\sum_{i=0}^{1009} u_{2i} + \sum_{i=0}^{1008} u_{2i+1}\right)^2 + \left(\sum_{i=0}^{1009} u_{2i} - \sum_{i=0}^{1008} u_{2i+1}\right)^2 \le 72a^2 - 48a + 10 + \frac{2}{4^{2019}},
$$
which is equivalent to
$$
\left(\sum_{i=0}^{1009} u_{2i}\right)^2 + \left(\sum_{i=0}^{1008} u_{2i+1}\right)^2 \le 36a^2 - 24a + 5 + \frac{1}{4^{2019}}.
$$
Let the binary representation of $a$ be $a = \sum_{i=1}^{+\infty} \frac{x_i}{2^i}$ where $x_i \in \{0, 1\}$. Since $\frac{1}{2} \le a \le \frac{2}{3}$, we have $x_1 = 1$.
For each natural number $i$, the parity of $\lfloor 2^{i+1}a \rfloor$ depends on $x_{i+1}$. In particular, if $x_{i+1} = 0$, then $\lfloor 2^{i+1}a \rfloor$ is even, and if $x_{i+1} = 1$, then $\lfloor 2^{i+1}a \rfloor$ is odd. Therefore, $(-1)^{\lfloor 2^{i+1}a \rfloor} = 1$ if $x_{i+1} = 0$, and $(-1)^{\lfloor 2^{i+1}a \rfloor} = -1$ if $x_{i+1} = 1$. In all cases, we have
$$
(-1)^{\lfloor 2^{i+1}a \rfloor} = 1 - 2x_{i+1}.
$$
---
Denote $A = \sum_{i=0}^{1009} \frac{x_{2i+1}}{2^{2i+1}}$ and $B = \sum_{i=0}^{1008} \frac{x_{2i+2}}{2^{2i+2}}$, we have
$$
\sum_{i=0}^{1009} u_{2i} = \sum_{i=0}^{1009} \frac{3(1 - 2x_{2i+1})}{2^{2i+1}} = 2 - \frac{1}{2 \cdot 4^{1009}} - 6A,
$$
$$
\sum_{i=0}^{1008} u_{2i+1} = \sum_{i=0}^{1008} \frac{3(1 - 2x_{2i+2})}{2^{2i+2}} = 1 - \frac{1}{4^{1009}} - 6B.
$$
On the other hand, $a \ge A + B \ge \frac{1}{2}$, thus
$$
\begin{aligned}
36a^2 - 24a + 5 + \frac{1}{4^{2019}} &= 4(3a - 1)^2 + 1 + \frac{1}{4^{2019}} \\
&\ge 4(3A + 3B - 1)^2 + 1 + \frac{1}{4^{2019}}.
\end{aligned}
$$
We prove that
$$
\begin{aligned}
& \left(2 - \frac{1}{2 \cdot 4^{1009}} - 6A\right)^2 + \left(1 - \frac{1}{4^{1009}} - 6B\right)^2 \\
& \le 4(3A + 3B - 1)^2 + 1 + \frac{1}{4^{2019}}.
\end{aligned}
$$
By some calculations, we can rewrite the above inequality as
$$
\frac{6}{4^{1009}}A + 12B \left(1 + \frac{1}{4^{1009}} - 6A\right) \le \frac{1}{4^{1008}} - \frac{1}{4^{2018}}.
$$
Since $A \ge \frac{1}{2}$, we have $6A > 1 + \frac{1}{4^{1009}}$. Thus,
$$
\begin{aligned}
& \frac{6}{4^{1009}}A + 12B \left(1 + \frac{1}{4^{1009}} - 6A\right) \\
& \le \frac{6}{4^{1009}}A \le \frac{6}{4^{1009}} \sum_{i=0}^{1009} \frac{1}{2^{2i+1}} = \frac{1}{4^{1008}} - \frac{1}{4^{2018}}.
\end{aligned}
$$
Using these inequalities, the desired result will follow.
(b) By the arguments in part (a), the equality holds if and only if $a = A + B, B = 0$ and $A = \frac{2}{3}\left(1 - \frac{1}{4^{1010}}\right)$, which implies that
$$
a = \frac{2}{3} \left( 1 - \frac{1}{4^{1010}} \right).
$$",discrete_algebra,suitable,complete_proof|clear_inference_units|scope_clear|multi_premise_merge|opaque_large_jump,Ruan Haochen (Eddie),confirmed
